,Address,Name Tag,Balance,Txn Count
0,0x26946ada5ecb57f3a1f91605050ce45c482c9eb1,BitcoinSoV: BSOV Token,1 wei,73953
1,0x19e6bf254abf5abc925ad72d32bac44c6c03d3a4,BitcoinSoV: Time Lock Contract,0 ETH,56
2,0xabb58af7e64eb324895cb1c15c1865bb125e953f,BSoV Pool: Minting,0.00010014 ETH,21500
3,0xde0d47fa92b4d616b100f5dd027fc91704b24b73,BSoV Pool: Payments,0 ETH,384
4,0x6bff432b1d4982b8199bc01145b7e99c725b9196,BitcoinSoV: Deployer,0.01240857 ETH,1576
