,Address,Name Tag,Balance,Txn Count
0,0x4509008d923ef571fc1d29fd66d3135fa02f0b64,,0.00632588 ETH,11
1,0xc33b16198dd9fb3bb342d8119694f94adfcdca23,Ledger: Chrome App Issue,295.09798295 ETH,106
