,Address,Name Tag,Balance,Txn Count
0,0x8958618332df62af93053cb9c535e26462c959b0,Cobinhood 1,0.09482362 ETH,272244
1,0xb726da4fbdc3e4dbda97bb20998cf899b0e727e0,Cobinhood 2,0.12600316 ETH,7965
2,0xb2f7eb1f2c37645be61d73953035360e768d81e6,Cobinhood: COB Token,0 ETH,103468
3,0x0bb9fc3ba7bcf6e5d6f6fc15123ff8d5f96cee00,Cobinhood: MultiSig,0.00254743 ETH,2490
