,Address,Name Tag,Balance,Txn Count
0,0x71660c4005ba85c37ccec55d0c4493e66fe775d3,Coinbase 1,"1,536.66714279 ETH",1432059
1,0xa9d1e08c7793af67e9d92fe308d5697fb81d3e43,Coinbase 10,"3,207.31244402 ETH",1500199
2,0x77696bb39917c91a0c3908d577d5e322095425ca,Coinbase 11,"2,595.85774541 ETH",540653
3,0x7c195d981abfdc3ddecd2ca0fed0958430488e34,Coinbase 12,"1,561.2927977 ETH",248406
4,0x95a9bd206ae52c4ba8eecfc93d18eacdd41c88cc,Coinbase 13,"1,574.15336875 ETH",1406528
5,0xb739d0895772dbb71a89a3754a160269068f0d45,Coinbase 14,"1,527.85557202 ETH",653902
6,0x503828976d22510aad0201ac7ec88293211d23da,Coinbase 2,"2,018.2306897 ETH",1974265
7,0xddfabcdc4d8ffc6d5beaf154f18b778f892a0740,Coinbase 3,"1,527.50148471 ETH",8239572
8,0x3cd751e6b0078be393132286c442345e5dc49699,Coinbase 4,"1,536.33232812 ETH",9888852
9,0xb5d85cbf7cb3ee0d56b3bb207d5fc4b82f43f511,Coinbase 5,"9,636.9536849 ETH",9387920
10,0xeb2629a2734e272bcc07bda959863f316f4bd4cf,Coinbase 6,"1,618.67658348 ETH",7677814
11,0xd688aea8f7d450909ade10c47faa95707b0682d9,Coinbase 7,0.00004046 ETH,3
12,0x02466e547bfdab679fc49e96bbfc62b9747d997c,Coinbase 8,0.00003565 ETH,4
13,0x6b76f8b1e9e59913bfe758821887311ba1805cab,Coinbase 9,0 ETH,5
14,0xbe3c68821d585cf1552214897a1c091014b1eb0a,Coinbase: Account Blacklister,0.35623621 ETH,207
15,0xf6874c88757721a02f47592140905c4336dfbc61,Coinbase: Coinbase Commerce,0 ETH,839264
16,0x881d4032abe4188e2237efcd27ab435e81fc6bb1,Coinbase: Commerce,0 ETH,969978
17,0x6c8dd0e9cc58c07429e065178d88444b60e60b80,Coinbase: Commerce Fee,0.08314254 ETH,16579
18,0xbc8ec259e3026ae0d87bc442d034d6882ce4a35c,Coinbase: Commerce Fee 2,0.17260252 ETH,19772
19,0x02d24cab4f2c3bf6e6eb07ea07e45f96baccffe7,Coinbase: Commerce Fee 3,0.10461315 ETH,19415
20,0xce352e98934499be70f641353f16a47d9e1e3abd,Coinbase: Commerce Fee 4,0.08334708 ETH,14849
21,0x90e18a6920985dbacc3d76cf27a3f2131923c720,Coinbase: Commerce Fee 5,0.15598316 ETH,23419
22,0x4b23d52eff7c67f5992c2ab6d3f69b13a6a33561,Coinbase: Commerce Fee 6,0.20305821 ETH,20400
23,0xd2276af80582cac230edc4c42e9a9c096f3c09aa,Coinbase: Deposit 1,0 ETH,6
24,0xa090e606e30bd747d4e6245a1517ebe430f0057e,Coinbase: Miscellaneous,0.26301774 ETH,26121556
