,Address,Name Tag,Balance,Txn Count
0,0x0d6b5a54f940bf3d52e438cab785981aaefdf40c,COSS.io 1,2.47415066 ETH,221145
1,0x65292eeadf1426cd2df1c4793a3d7519f253913b,COSS.io: Old Token 1,0 ETH,46300
2,0x9e96604445ec19ffed9a5e8dd7b50a29c899a10c,COSS.io: Old Token 2,0 ETH,29441
3,0xd1560b3984b7481cd9a8f40435a53c860187174d,COSS.io: Old Warm Wallet,0.21397654 ETH,32760
4,0x7d3cb11f8c13730c24d01826d8f2005f0e1b348f,COSS.io: Token,0 ETH,3099
5,0x43f07efe28e092a0fe4ec5b5662022b461ffac80,COSS.io: Warm Wallet,0.04938769 ETH,87
