,Address,Name Tag,Balance,Txn Count
0,0x51a5271ec514c3065d9de2d8e95051989f7d53ab,Fomo3D: Contract 1,4.03641162 ETH,2108
1,0xd60d353610d9a5ca478769d371b53cefaa7b6e4c,Fomo3D: Contract 2,0 ETH,887
2,0xc7029ed9eba97a096e72607f4340c34049c7af48,Fomo3D: Contract 3,0.31609473 ETH,43730
3,0xdd4950f977ee28d2c132f1353d1595035db444ee,Fomo3D: Contract 4,0 ETH,24
4,0xa62142888aba8370742be823c1782d17a0389da1,Fomo3D: Long,"1,223.52915295 ETH",245340
5,0x4e8ecf79ade5e2c49b9e30d795517a81e0bf00b8,Fomo3D: Soon,86.86841742 ETH,43191
6,0xb3775fb83f7d12a36e0475abdd1fca35c091efbe,PowH3D,"2,793.46308329 ETH",408233
