,Address,Name Tag,Balance,Txn Count
0,0x9c67e141c0472115aa1b98bd0088418be68fd249,HitBTC 1,0.10306233 ETH,166824
1,0x59a5208b32e627891c389ebafc644145224006e8,HitBTC 2,5.97355667 ETH,1866487
2,0xa12431d0b9db640034b0cdfceef9cce161e62be4,HitBTC 3,59.85425571 ETH,1253168
3,0xfdeda15e2922c5ed41fc1fdf36da2fb2623666b3,HitBTC: Deposit Funder,2.63632092 ETH,702102
4,0xad68942a95fdd56594aa5cf862b358790e37834c,HitBTC: Deposit Funder 2,0.00002605 ETH,122118
5,0x0113a6b755fbad36b4249fd63002e2035e401143,HitBTC: Deposit Funder 3,1.09400994 ETH,92688
