,Address,Name Tag,Balance,Txn Count
0,0xc4e0f3ec24972c75df7c716922096f4270b7bb4e,Mirror: CROWDFUND_EDITIONS Token,0 ETH,1701
1,0x3527a204a5260a0e36ca695312379370328e4e6c,Mirror: Deployer,0.00109993 ETH,402
2,0x15312b97389a1dc3bcaba7ae58ebbd552e606ed2,Mirror: Factory Contract,0 ETH,171
3,0x9651b2a7aa9ed9635ce896a1af1a7d6294d5e902,Mirror: Mirror Team,0.00528096 ETH,16
4,0x835f86ff1670917a786b72d1fd8dcc385e27dd77,Mirror: Reserve Auction V3,2.0142 ETH,169
5,0x138c3d30a724de380739aad9ec94e59e613a9008,Mirror: Treasury,230.33272365 ETH,1
6,0x6da5f047b1ec9e822f132efdf02e76eddf29dbf5,Mirror: Write Distributor V1,0 ETH,798
7,0x622236bb180256b6ae1a935dae08dc0356141632,Mirror: WRITE Token,0 ETH,1120
