,Address,Name Tag,Balance,Txn Count
0,0x1e0049783f008a0085193e00003d00cd54003c71,OpenSea: Conduit,0 ETH,568
1,0x939c8d89ebc11fa45e576215e2353673ad0ba18a,OpenSea: Deployer,7.13046678 ETH,71
2,0x9c4e9cce4780062942a7fe34fa2fa7316c872956,OpenSea: ENS Resolver,0 ETH,2155
3,0x8de9c5a032463c561423387a9648c5c7bcc5bc90,OpenSea: Fees,105.63995462 ETH,39
4,0x34ba0f2379bf9b81d09f7259892e26a8b0885095,OpenSea: Fees 2,0 ETH,11
5,0x0000a26b00c1f0df003000390027140000faa719,OpenSea: Fees 3,128.07871319 ETH,283
6,0x495f947276749ce646f68ac8c248420045cb7b5e,OpenSea: OPENSTORE Token,0 ETH,1115631
7,0x004c00500000ad104d7dbd00e3ae0a5c00560c00,OpenSea: Pausable Zone,0 ETH,0
8,0x18c2e87d183c5338a9142f97db176f3832b1d6de,OpenSea: Payments,0.00059857 ETH,8184
9,0xa5409ec958c83c3f309868babaca7c86dcb077c1,OpenSea: Registry,0 ETH,1736872
10,0x9b814233894cd227f561b78cc65891aa55c62ad2,OpenSea: Royalties Distributor,0.00066638 ETH,57649
11,0x0000000000c2d145a2526bd8c716263bfebe1a72,OpenSea: Transfer Helper,0 ETH,357225
12,0x5b3256965e7c3cf26e11fcaf296dfc8807c01073,OpenSea: Wallet,0.89288766 ETH,1522
13,0x7be8076f4ea4a4ad08075c2508e481d6c946d12b,OpenSea: Wyvern Exchange v1,0 ETH,16969798
14,0x7f268357a8c2552623316e2562d90e642bb538e5,OpenSea: Wyvern Exchange v2,0 ETH,8702655
15,0x00005ea00ac477b1030ce78506496e8c2de24bf5,SeaDrop,0 ETH,67565
