,Address,Name Tag,Balance,Txn Count
0,0xbd8ef191caa1571e8ad4619ae894e07a75de0c35,Paribu 1,0.27297951 ETH,6553
1,0x2bb97b6cf6ffe53576032c11711d59bd056830ee,Paribu 2,0.18046098 ETH,129779
2,0xfb90501083a3b6af766c8da35d3dde01eb0d2a68,Paribu 3,2.2351916 ETH,342176
3,0xabc74170f3cb8ab352820c39cc1d1e05ce9e41d3,Paribu 4,0.14496043 ETH,26596
4,0x9acbb72cf67103a30333a32cd203459c6a9c3311,Paribu 5,101.57170505 ETH,693610
