,Address,Name Tag,Balance,Txn Count
0,0xb8cf411b956b3f9013c1d0ac8c909b086218207c,Remitano 1,0.0111412 ETH,78779
1,0x2819c144d5946404c0516b6f817a960db37d4929,Remitano 2,559.90298205 ETH,1792736
2,0x8365efb25d0822aaf15ee1d314147b6a7831c403,Remitano: Deposit Funder,20.27121155 ETH,408757
