,Address,Name Tag,Balance,Txn Count
0,0x9992e9341e496be5bc8f424dfc1f78a7388d3a58,Ren: ChaosDEX,0 ETH,603
1,0x2d7b6c95afeffa50c068d50f89c5c0014e054f0a,Ren: Darknode Registry Proxy,0 ETH,8129
2,0xe80d347df1209a76dd9d2319d62912ba98c54ddd,Ren: Gateway Registry,0 ETH,10
3,0xc25167ffa19b4d9d03c7d5aa4682c7063f345b66,Ren: Protocol,0 ETH,6
4,0x408e41876cccdc0f92210600ef50372656052a38,Ren: REN Token,0 ETH,559525
5,0xcc4ff5b8a4a7adb35f00ff0cbf53784e07c3c52f,Ren: renBCH Gateway,0 ETH,207
6,0x459086f2376525bdceba5bdda135e4e9d3fef5bf,Ren: renBCH Token,0 ETH,301
7,0x32666b64e9fd0f44916e1378efb2cfa3b3b96e80,Ren: RenBridge,0 ETH,19157
8,0xeb4c2781e4eba804ce9a9803c67d0893436bb27d,Ren: renBTC Token,0 ETH,45193
9,0x05387a10bb3ef789b6c2a9ce2d6c21d5a8c6b1aa,Ren: renDGB Gateway,0 ETH,186
10,0x2362843745615368f4ef0a43d7502353649c0783,Ren: renDOGE Gateway,0 ETH,710
11,0xed7d080aa1d2a4d468c615a5d481125bb56bf1bf,Ren: renFIL Gateway,0 ETH,318
12,0xd7d7deab930b6d3f98b35a26a4c431630d5ab874,Ren: renLUNA Gateway,0 ETH,36
13,0xc3bbd5adb611dd74eca6123f05b18acc886e122d,Ren: renZEC Gateway,0 ETH,1016
14,0x1c5db575e2ff833e46a2e9864c22f4b22e0b37c2,Ren: renZEC Token,0 ETH,946
15,0x88c64a7d2ecc882d558dd16abc1537515a78bb7d,Ren: ZBTC Token,0 ETH,47
16,0x60ab11fe605d2a2c3cf351824816772a131f8782,RenVM: Darknode Staking,0 ETH,5
17,0xe33417797d6b8aec9171d0d6516e88002fbe23e7,RenVM: Darknodes Fee renBTC,0.20462 ETH,3
18,0xfe45ab17919759cfa2ce35215ead5ca4d1fc73c7,Ren: Deployer,0.00005221 ETH,665
19,0xe3cb486f3f5c639e98ccbaf57d95369375687f80,Ren: renDGB Token,0 ETH,480
20,0x3832d2f059e55934220881f831be501d180671a7,Ren: renDOGE Token,0 ETH,3534
21,0xd5147bc8e386d91cc5dbe72099dac6c9b99276f5,Ren: renFIL Token,0 ETH,1041
22,0x52d87f22192131636f93c5ab18d0127ea52cb641,Ren: renLUNA Token,0 ETH,37
