,Address,Name Tag,Balance,Txn Count
0,0x099a91d684585618298250cc376a0531f83ef9a2,StrongBlock: Deployer,0.00002 ETH,5
1,0x2e734269c869bda3ea6550f510d2514f2d66de71,StrongBlock: NFT,0 ETH,8555
2,0xc5622f143972a5da6aabc5f5379311ee5eb48568,StrongBlock: Node Rewards,0.00099899 ETH,256256
3,0xfbddadd80fe7bda00b901fbaf73803f2238ae655,StrongBlock: Service,1.6421838 ETH,2516031
4,0x990f341946a3fdb507ae7e52d17851b87168017c,StrongBlock: STRONG Token,0 ETH,613951
