,Address,Name Tag,Balance,Txn Count
0,0x1119aaefb02bf12b84d28a5d8ea48ec3c90ef1db,Trade.io,0.66790765 ETH,17728
1,0xd947b0ceab2a8885866b9a04a06ae99de852a3d4,Trade.io Token,0 ETH,7427
2,0x80bc5512561c7f85a3a9508c7df7901b370fa1df,Trade.io: Old Token,0 ETH,50588
3,0x86fe3c20379ac71ebbf8c0499b41fd2b457e4e9e,Trade.io: Token Sale,0 ETH,12273
4,0x58f75ddacffb183a30f69fe58a67a0d0985fce0f,Trade.io: Wallet 1,0.1937503 ETH,3088
5,0x5a2fad810f990c4535ada938400b6b67ef7646af,Trade.io: Wallet 2,0.00845518 ETH,443
