,Address,Name Tag,Balance,Txn Count
0,0x3d0962d31d8a3171564b8d2e4d84c97148cb0bd2,TRON: Deployer,0.05165727 ETH,21
1,0x92a23b787b9119adadb1f474682232f48d6eb3fd,TRON: Deployer 1,1.06225441 ETH,12
2,0xf230b790e05390fc8295f4d3f60332c93bed42e2,TRON: Old TRX Token,0 ETH,2093262
3,0xe1be5d3f34e89de342ee97e6e90d405884da6c67,TRON: Old TRX Token 2,0 ETH,971
