,Address,Name Tag,Balance,Txn Count
0,0x6b59210ade46b62b25e82e95ab390a7ccadd4c3a,Bitberry,0.00483644 ETH,140899
1,0xa9c7d31bb1879bff8be25ead2f59b310a52b7c5a,Cobo,0 ETH,174573
2,0x4fed1fc4144c223ae3c1553be203cdfcbd38c581,Cryptonator,20.12572258 ETH,1447204
3,0x7ed1e469fcb3ee19c0366d829e291451be638e59,Freewallet,31.50511895 ETH,1123351
4,0x28c9386ebab8d52ead4a327e6423316435b2d4fc,RenrenBit,0.30824284 ETH,2126
5,0x46c635b772115ad2c3df7abe0d35eb908abad4b8,Streamity: STM Wallet App,0.07037665 ETH,1648
6,0x6e8d7d12c3f0a9285981b8998ce7cf0cf0bce78e,ZixiPay,11.55397506 ETH,5671
