,Address,Name Tag,Balance,Txn Count
0,0x082489a616ab4d46d1947ee3f912e080815b08da,Binance,"3,023,767.21481574 MATIC",1102360
1,0xf977814e90da44bfa03b6295a0616a897441acec,Binance: Hot Wallet,"7,224,195.7390812 MATIC",203
2,0xe7804c37c13166ff0b37f5ae0bb07a3aebb6e245,Binance: Hot Wallet 2,"8,866,641.07227159 MATIC",5367751
