,Address,Name Tag,Balance,Txn Count
0,0x876eabf441b2ee5b5b0554fd502a8e0600950cfa,Bitfinex: MATIC Staking Rewards,0.63771908 MATIC,7546
1,0xc2132d05d31c914a87c6611c10748aeb04b58e8f,Mapper: USDT Stablecoin,0 MATIC,12101354
2,0x503560430e4b5814dda09ac789c3508bb41b24b2,Tether: Deployer,0.00000255 MATIC,15
3,0xed03ed872159e199065401b6d0d487d78d9464aa,Tether: MXNt Token,0 MATIC,2
4,0x170a18b9190669cda08965562745a323c907e5ec,Tether: pUSDt Token,0 MATIC,3
