,Address,Name Tag,Balance,Txn Count
0,0x22450f585c1dc857c201e820b0e355a7d9d7793c,DappStats: Donate,3.22055806 MATIC,166
1,0x71c7656ec7ab88b098defb751b7401b5f6d8976f,Polygonscan: Donate,"1,176.07383631 MATIC",695
2,0xdd4c48c0b24039969fc16d1cdf626eab821d3384,Tornado.Cash: Donate,355.52563952 MATIC,10
