,Address,Name Tag,Balance,Txn Count
0,0x082489a616ab4d46d1947ee3f912e080815b08da,Binance,"3,022,390.17756415 MATIC",1102365
1,0xf977814e90da44bfa03b6295a0616a897441acec,Binance: Hot Wallet,"7,224,195.7390812 MATIC",203
2,0xe7804c37c13166ff0b37f5ae0bb07a3aebb6e245,Binance: Hot Wallet 2,"8,865,768.01241053 MATIC",5367761
3,0x876eabf441b2ee5b5b0554fd502a8e0600950cfa,Bitfinex: MATIC Staking Rewards,0.63771908 MATIC,7546
4,0xd70250731a72c33bfb93016e3d1f0ca160df7e42,Huobi 1,"11,672,950.93117977 MATIC",242529
5,0x51e3d44172868acc60d68ca99591ce4230bc75e0,MEXC.com,"2,099,806.30510033 MATIC",872628
6,0x576b81f0c21edbc920ad63feeeb2b0736b018a58,MEXC.com 2,"214,243.7369366 MATIC",18809
