,Address,Name Tag,Balance,Txn Count
0,0xc10ef9f491c9b59f936957026020c321651ac078,Multichain: anyCall V6,90.00766428 MATIC,1575
1,0xd4d4139b2f64b0367f522732b27be7701d36e187,Multichain: anyHND Token,0 MATIC,3
2,0x54f5a04417e29ff5d7141a6d33cb286f50d5d50e,Multichain: Anyswap Create2,0 MATIC,123
3,0xe3eeda11f06a656fcaee19de663e84c7e61d3cac,Multichain: anyUSDT Token,0 MATIC,2910
4,0x25864a712c80d33ba1ad7c23cffa18b46f2fc00c,Multichain: Fantom Bridge,"682,356.84125055 MATIC",24218
5,0x4f3aff3a747fcade12598081e80c6605a8be192f,Multichain: Router V4,0 MATIC,773949
6,0x6ff0609046a38d76bd40c5863b4d1a2dce687f73,Multichain: Router V4 2,0 MATIC,123236
7,0x72c290f3f13664b024ee611983aa2d5621ebe917,Multichain: Router V6,0 MATIC,1837
