,Address,Name Tag,Balance,Txn Count
0,0x92c5fda94584ba09bbc281f982d7a47906cae3e8,Polygon: Airdrop,99.43999999 MATIC,64574
1,0xd9c7c4ed4b66858301d0cb28cc88bf655fe34861,Polygon: Child Chain,0 MATIC,17
2,0x8397259c983751daf40400790063935a11afa28a,Polygon: Fx Child,0 MATIC,0
3,0x80a708b92939b373e86ef8e8cfc9e05efe2f5e49,Polygon: Fx ERC1155 Child Tunnel,0 MATIC,2
4,0x0cc2caed31490b546c741bd93dbba8ab387f7f2c,Polygon: Fx ERC20 Child Tunnel,0 MATIC,9
5,0x2b4732e448b3023131a7b25046b3a5ef50cfcf71,Polygon: Fx ERC721 Child Tunnel,0 MATIC,2
6,0x0000000000000000000000000000000000001010,Polygon: MATIC Token,"9,082,066,756.86516559 MATIC",306205
