,Address,Name Tag,Balance,Txn Count
0,0x1f56ccfe85dc55558603230d013e9f9bfe8e086c,,0 FTM,6
1,0x489a8756c18c0b8b24ec2a2b9ff3d4d447f79bec,BNB Bridge Exploiter,8.04556441 FTM,69
2,0x1ed5112b32486840071b7cdd2584ded2c66198dd,Deus Finance Exploiter,40.38796227 FTM,14
3,0x701428525cbac59dae7af833f19d9c3aaa2a37cb,DEUS Finance Exploiter 2,134.46659163 FTM,49
4,0x11111112542d85b3ef69ae05771c2dccff4faa26,Fake 1inch Contract,0 FTM,157
5,0xe43d8f9e2ea875c6e342e7b3f78acbbae0a9110b,Fake_Phishing7,46.88464759 FTM,35
6,0x47091e015b294b935babda2d28ad44e3ab07ae8d,Fantasm Finance Exploiter,4.93140573 FTM,55
7,0xdefc385d7038f391eb0063c2f7c238cfb55b206c,Grim Finance Exploiter 1,0 FTM,99
8,0x5089a0553c08212256ed72a65dcac91b5d91f7ff,Nova Exploiter 1,0.81909417 FTM,15
9,0xe2d7d415640249ec37d30458c71f73972146ea20,Nova Exploiter 2,0.00001796 FTM,5
10,0xc2d12c37acbfd5593bcae162bd12a161e0d2786e,Nova Exploiter 3,19.50163454 FTM,11
11,0x6a6d593ed7458b8213fa71f1adc4a9e5fd0b5a58,One Ring Finance Exploit Contract,0 FTM,13
12,0x12efed3512ea7b76f79bcde4a387216c7bce905e,One Ring Finance Exploiter,2.07507262 FTM,29
13,0x5636e55e4a72299a0f194c001841e2ce75bb527a,ReaperFarm Exploiter 1,321.31753984 FTM,33
14,0x2c177d20b1b1d68cc85d3215904a7bb6629ca954,ReaperFarm Exploiter 2,0.9138382 FTM,17
15,,Sum of 15 Accounts,579.34336902 FTM,607
