,Address,Name Tag,Balance,Txn Count
0,0x1b02da8cb0d097eb8d57a175b88c7d8b47997506,SushiSwap: Router,0 ETH,6405294
1,0xe592427a0aece92de3edee1f18e0157c05861564,Uniswap V3: Router,0 ETH,1166582
2,0x68b3465833fb72a70ecdf485e0e4c7bd8665fc45,Uniswap V3: Router 2,0 ETH,4522912
3,0xcf4d2994088a8cde52fb584fe29608b63ec063b2,xPollinate: Transaction Manager,0.21447481 ETH,63035
4,,Sum of 4 Accounts,0.21447481 ETH,12157823
