,Address,Name Tag,Balance,Txn Count
0,0x489a8756c18c0b8b24ec2a2b9ff3d4d447f79bec,BNB Bridge Exploiter,0.00001177 ETH,8
1,0x684083f312ac50f538cc4b634d85a2feafaab77a,Dexible Exploiter,0.01337895 ETH,35
2,0xc29d94386ff784006ff8461c170d1953cc9e2b5c,Lodestar Exploiter,0.00001476 ETH,172
3,0x65760288f19cff476b80a36a61f9dedab16bab49,Rari Capital Exploiter,0.00268366 ETH,4
4,0x4afcd19bb978eaf4f993814298504ed285df1181,SperaxUSD Exploiter,0.09508734 ETH,656
5,0x5c978df5f8af72298fe1c2c8c2c05476a10f2539,SperaxUSD Exploiter MultiSig,0 ETH,0
6,0x9b1acd4336ebf7656f49224d14a892566fd48e68,TreasureDAO Exploiter 1,0.04391177 ETH,214
7,,Sum of 7 Accounts,0.15508828 ETH,1089
