,Address,Name Tag,Balance,Txn Count
0,0xa60113f7d43130919802b0863abdcdb956664fd5,Fund: 0xa60...fd5,0.00026202 ETH,258292
1,,Sum of 1 Account,0.00026202 ETH,258292
