,Address,Name Tag,Balance,Txn Count
0,0xd6216fc19db775df9774a6e33526131da7d19a2c,KuCoin,"1,000.68394215 ETH",78
1,0x03e6fa590cadcf15a38e86158e9b3d06ff3399ba,KuCoin 2,"1,030.25381389 ETH",150539
2,0xf3f094484ec6901ffc9681bcb808b96bafd0b8a8,KuCoin 3,584.20726164 ETH,7997
3,,Sum of 3 Accounts,"2,615.1450177 ETH",158614
