,Address,Name Tag,Balance,Txn Count
0,0xeea81c4416d71cef071224611359f6f99a4c4294,BitMEX 1,"15,914.63697417 Ether",80
1,0xfb8131c260749c7835a08ccbdb64728de432858e,BitMEX 2,"3,498.991727 Ether",18492
