,Address,Name Tag,Balance,Txn Count
0,0xeea81c4416d71cef071224611359f6f99a4c4294,BitMEX 1,"12,359.3653478 ETH",174
1,0xfb8131c260749c7835a08ccbdb64728de432858e,BitMEX 2,"1,878.1230007 ETH",29164
