,Address,Name Tag,Balance,Txn Count
0,0xfbb1b73c4f0bda4f67dca266ce6ef42f520fbb98,Bittrex,"8,108.68244389 Ether",11362491
1,0xe94b04a0fed112f3664e45adb2b8915693dd5ff3,Bittrex 2,0 Ether,1653559
2,0x66f820a414680b5bcda5eeca5dea238543f42054,Bittrex 3,"188,508.62367176 Ether",185
3,0xa3c1e324ca1ce40db73ed6026c4a177f099b5770,Bittrex: Controller,0 Ether,1586444
