,Address,Name Tag,Balance,Txn Count
0,0x000000000000000000000000000000000000dead,Null Address: 0x00...dEaD,"12,559.60520969 Ether",3637
1,0x0000000000000000000000000000000000000001,Null Address: 0x000...001,15.92943219 Ether,8835
2,0x0000000000000000000000000000000000000002,Null Address: 0x000...002,1.47162843 Ether,48
3,0x0000000000000000000000000000000000000003,Null Address: 0x000...003,1.49072369 Ether,52
4,0x0000000000000000000000000000000000000004,Null Address: 0x000...004,1.90047114 Ether,24
5,0x0000000000000000000000000000000000000005,Null Address: 0x000...005,0.17222679 Ether,16
6,0x0000000000000000000000000000000000000006,Null Address: 0x000...006,2 wei,2
7,0x0000000000000000000000000000000000000007,Null Address: 0x000...007,1 wei,2
8,0x0000000000000000000000000000000000000008,Null Address: 0x000...008,1 wei,3
9,0x0000000000000000000000000000000000000009,Null Address: 0x000...009,1 wei,4
10,0x00000000000000000000045261d4ee77acdb3286,Null Address: 0x000...286,0 Ether,0
11,0x0000000000000000000000000000000000000000,Null Address: 0x000…000,"11,401.58163032 Ether",69529
12,0x0123456789012345678901234567890123456789,Null Address: 0x012...789,0.01284577 Ether,6
13,0x1111111111111111111111111111111111111111,Null Address: 0x111...111,5.48405072 Ether,72
14,0x1234567890123456789012345678901234567890,Null Address: 0x123...890,16.93981412 Ether,143
15,0x2222222222222222222222222222222222222222,Null Address: 0x222...222,0.37835972 Ether,13
16,0x3333333333333333333333333333333333333333,Null Address: 0x333...333,0.00333333 Ether,3
17,0x4444444444444444444444444444444444444444,Null Address: 0x444...444,0.04794444 Ether,5
18,0x6666666666666666666666666666666666666666,Null Address: 0x666...666,0.06752625 Ether,8
19,0x8888888888888888888888888888888888888888,Null Address: 0x888...888,0.00888888 Ether,11
20,0xbbbbbbbbbbbbbbbbbbbbbbbbbbbbbbbbbbbbbbbb,Null Address: 0xbBb...BbB,0 Ether,1
21,0xdead000000000000000042069420694206942069,Null Address: 0xdea...069,0.17158052 Ether,42
22,0xeeeeeeeeeeeeeeeeeeeeeeeeeeeeeeeeeeeeeeee,Null Address: 0xeee...eee,153.05011414 Ether,3132
23,0xffffffffffffffffffffffffffffffffffffffff,Null Address: 0xfff...fff,0.34849703 Ether,140
24,0xaaaaaaaaaaaaaaaaaaaaaaaaaaaaaaaaaaaaaaaa,Null Address: aAa...aAa,31.003821 Ether,18
