,Address,Name Tag,Balance,Txn Count
0,0x148426fdc4c8a51b96b4bed827907b5fa6491ad0,bZx Exploiter 1,"1,193.69289949 Ether",79
1,0x4f4e0f2cb72e718fc0433222768c57e823162152,bZx Exploiter 1: Contract,0 Ether,75
2,0x296e3345e3da85181ff279dd36e6054d73da3717,bZx Exploiter 1: Deployer,0.87963571 Ether,4
3,0xb8c6ad5fe7cb6cc72f2c4196dca11fbb272a8cbf,bZx Exploiter 2,18.00231364 Ether,11
4,0x360f85f0b74326cddff33a812b05353bc537747b,bZx Exploiter 2: Contract,0 Ether,10
