,Address,Name Tag,Balance,Txn Count
0,0x167a9333bf582556f35bd4d16a7e80e191aa6476,Coinone,"9,970.83022831 Ether",971389
1,0x1e2fcfd26d36183f1a5d90f0e6296915b02bcb40,Coinone 2,"95,993.89170392 Ether",70
2,0x35da6abcb08f2b6164fe380bb6c47bd8f2304d55,Coinone: Old Address 1,0 Ether,28
