,Address,Name Tag,Balance,Txn Count
0,0x71660c4005ba85c37ccec55d0c4493e66fe775d3,Coinbase 1,9.9514935 Ether,1210642
1,0x503828976d22510aad0201ac7ec88293211d23da,Coinbase 2,9.8206932 Ether,1757951
2,0xddfabcdc4d8ffc6d5beaf154f18b778f892a0740,Coinbase 3,"15,445.26049129 Ether",7742743
3,0x3cd751e6b0078be393132286c442345e5dc49699,Coinbase 4,"9,774.31380321 Ether",9377624
4,0xb5d85cbf7cb3ee0d56b3bb207d5fc4b82f43f511,Coinbase 5,"9,787.46243403 Ether",8875100
5,0xeb2629a2734e272bcc07bda959863f316f4bd4cf,Coinbase 6,"10,468.61152959 Ether",7191983
6,0xf6874c88757721a02f47592140905c4336dfbc61,Coinbase: Coinbase Commerce,0 Ether,839218
7,0x881d4032abe4188e2237efcd27ab435e81fc6bb1,Coinbase: Commerce,0 Ether,503682
8,0xa090e606e30bd747d4e6245a1517ebe430f0057e,Coinbase: Miscellaneous,0.31748123 Ether,22726098
