,Address,Name Tag,Balance,Txn Count
0,0xd4bddf5e3d0435d7a6214a0b949c7bb58621f37c,Coinhako,92.24144699 ETH,142501
1,0xf2d4766ad705e3a5c9ba5b0436b473085f82f82f,Coinhako: Warm Wallet,"31,301.82264141 ETH",4337
