,Address,Name Tag,Balance,Txn Count
0,0xd1669ac6044269b59fa12c5822439f609ca54f41,CoinList 1,"2,860.1594354 ETH",680061
1,0x8d1f2ebfaccf1136db76fdd1b86f1dede2d23852,CoinList 2,20.50003316 ETH,870434
2,0xd2c82f2e5fa236e114a81173e375a73664610998,CoinList 3,22.80958389 ETH,1978619
