,Address,Name Tag,Balance,Txn Count
0,0xa0b73e1ff0b80914ab6fe0444e65848c4c34450b,Cronos Coin: CRO Token,0 ETH,1425649
1,0x6262998ced04146fa42253a5c0af90ca02dfd2a3,Crypto.com,"199,576.84816703 ETH",1183039
2,0x46340b20830761efd32832a74d7169b29feb9758,Crypto.com 2,"14,639.5227192 ETH",8092825
3,0x72a53cdbbcc1b9efa39c834a540550e23463aacb,Crypto.com 3,"11,910.19125057 ETH",3880
4,0x7758e507850da48cd47df1fb5f875c23e3340c50,Crypto.com 4,"5,938.68012395 ETH",114779
5,0xcffad3200574698b78f32232aa9d63eabd290703,Crypto.com 5,"291,772.05070064 ETH",697564
6,0xb63b606ac810a52cca15e44bb630fd42d8d1d83d,Crypto.com: MCO Token,0 ETH,453741
