,Address,Name Tag,Balance,Txn Count
0,0xa0b73e1ff0b80914ab6fe0444e65848c4c34450b,Cronos Coin: CRO Token,0 Ether,1285410
1,0x6262998ced04146fa42253a5c0af90ca02dfd2a3,Crypto.com,"167,618.16113546 Ether",779672
2,0x46340b20830761efd32832a74d7169b29feb9758,Crypto.com 2,"13,261.56837785 Ether",6580638
3,0xb63b606ac810a52cca15e44bb630fd42d8d1d83d,Crypto.com: MCO Token,0 Ether,452483
