,Address,Name Tag,Balance,Txn Count
0,0x6d38574be6c230272daad16fa5f291f825bd0da1,Dinngo Token,0 ETH,3025
1,0x8ecf87fc9d7336cc0052d40abf806fb1af2ea81c,DINNGO: Deployer,0.21191321 ETH,92
2,0x268be5667d4e5bd036bd608d0601ef1441604429,DINNGO: Proxy,6.55057459 ETH,3680
