,Address,Name Tag,Balance,Txn Count
0,0xffc8ca4e83416b7e0443ff430cc245646434b647,,0 Ether,71
1,0x60c7c2a24b5e86c38639fd1586917a8fef66a56d,ENS: Registrar Migration,0 Ether,1
2,0x57f1887a8bf19b14fc0df6fd9b2acc9af147ea85,ENS: Base Registrar Implementation,0 Ether,375928
3,0xff252725f6122a92551a5fa9a6b6bf10eb0be035,ENS: Bulk Renewal,0 Ether,18558
4,0xa2c122be93b0074270ebee7f6b7292c7deb45047,ENS: Default Reverse Resolver,0 Ether,15
5,0x4fe4e666be5752f1fdd210f4ab5de2cc26e3e0e8,ENS: Deployer,1.07280228 Ether,54
6,0xa2f428617a523837d4adc81c67a296d42fd95e86,ENS: DNS Registrar,0 Ether,119
7,0x314159265dd8dbb310642f98f50c066173c1259b,ENS: Eth Name Service,1.36482001 Ether,72061
8,0x283af0b28c62c092c9727f1ee09c02ca627eb7f5,ENS: ETH Registrar Controller,"24,264.03299946 Ether",3388612
9,0x323a76393544d5ecca80cd6ef2a560c6a395b7e3,ENS: Governance,0 Ether,1765
10,0x9b6d20f524367d7e98ed849d37fc662402dca7fb,ENS: Mapper,0 Ether,887
11,0xe65d8aaf34cb91087d1598e0a15b582f57f217d9,ENS: Migration Subdomain Registrar,0 Ether,3260
12,0x911143d946ba5d467bfc476491fdb235fef4d667,ENS: Multisig,0 Ether,125
13,0xc1735677a60884abbcf72295e88d47764beda282,ENS: Offchain Resolver,0 Ether,1
14,0xdaaf96c344f63131acadd0ea35170e7892d3dfba,ENS: Public Resolver 1,0 Ether,1740
15,0x4976fb03c32e5b8cfe2b6ccb31c09ba78ebaba41,ENS: Public Resolver 2,0 Ether,192426
16,0x00000000000c2e074ec69a0dfb2997ba6c7d2e1e,ENS: Registry with Fallback,0 Ether,104574
17,0x3671ae578e63fdf66ad4f3e12cc0c0d71ac7510c,ENS: Reverse Records,0 Ether,1
18,0x084b1c3c81545d370f3634392de611caabff8148,ENS: Reverse Registrar,0 Ether,396249
19,0xab528d626ec275e3fad363ff1393a41f581c5897,ENS: Root,0 Ether,6
20,0xf7c83bd0c50e7a72b55a39fe0dabf5e3a330d749,ENS: Short Name Claims,0 Ether,413
21,0xb9d374d0fe3d8341155663fae31b7beae0ae233a,ENS: Stable Price Oracle,0 Ether,3
22,0xc32659651d137a18b79925449722855aa327231d,ENS: Subdomain Registrar,0 Ether,2179
23,0xfe89cc7abb2c4183683ab71653c4cdc9b02d44b7,ENS: Timelock,"4,362.26710277 Ether",32
24,0x0904dac3347ea47d208f3fd67402d039a3b99859,ENS: Wallet,0.22482053 Ether,45174
25,0xb6e040c9ecaae172a89bd561c5f73e1c48d28cd9,ENS: Wallet 2,0.29186805 Ether,297
