,Address,Name Tag,Balance,Txn Count
0,0x1fcdb04d0c5364fbd92c73ca8af9baa72c269107,BadgerDAO Exploiter,3.77572655 Ether,193
1,0x0b88a083dc7b8ac2a84eba02e4acb2e5f2d3063c,BadgerDAO Exploiter 2,82.36866428 Ether,1115
2,0x1b1b391d1026a4e3fb7f082ede068b25358a61f2,BadgerDAO Exploiter 3,4.05776251 Ether,1112
3,0x2ef1b70f195fd0432f9c36fb2ef7c99629b0398c,BadgerDAO Exploiter 4,4.49739838 Ether,1102
4,0xecd91d07b1b6b81d24f2a469de8e47e3fe3050fd,BadgerDAO Exploiter 5,4.30603753 Ether,1105
5,0xe06ed65924db2e7b4c83e07079a424c8a36701e5,BadgerDAO Exploiter 6,4.6331839 Ether,1092
6,0xbbfd8041ebde22a7f3e19600b4bab4925cc97f7d,BadgerDAO Exploiter 7,4.57338579 Ether,1098
7,0x691da2826ac32bbf2a4b5d6f2a07ce07552a9a8e,BadgerDAO Exploiter 8,8.55612551 Ether,1103
8,0x4fbf7701b3078b5bed6f3e64df3ae09650ee7de5,BadgerDAO Exploiter 9,30.47921831 Ether,1118
9,0xd37448ad7949c4ad8eba5aad1a0afdd3199971d8,Multichain Exploiter 7,39.24414066 Ether,93
10,0xa648904b6e812e2d847b87878a9a3f1d74e5af50,Multichain Exploiter 8,0 Ether,4
