,Address,Name Tag,Balance,Txn Count
0,0x2faf487a4414fe77e2327f0bf4ae2a264a776ad2,FTX Exchange,"105,730.82764744 Ether",4747071
1,0xc098b2a3aa256d2140208c3de6543aaef5cd3a94,FTX Exchange 2,"326,853.01637261 Ether",3370022
2,0x68eb95dc9934e19b86687a10df8e364423240e94,FTX: 3X Long Bitcoin Token,0 Ether,32316
3,0x871baed4088b863fd6407159f3672d70cd34837d,FTX: 3X Long Ethereum Token,0 Ether,24447
4,0x016ee7373248a80bde1fd6baa001311d233b3cfa,FTX: 3X Short Bitcoin Token,0 Ether,40768
5,0x2f5e2c9002c058c063d21a06b6cabb50950130c8,FTX: 3X Short Ethereum Token,0 Ether,22853
6,0x50d1c9771902476076ecfc8b2a83ad6b9355a4c9,FTX: FTT Token,0 Ether,257128
