,Address,Name Tag,Balance,Txn Count
0,0x0d0707963952f2fba59dd06f2b425ace40b492fe,Gate.io,"121,400.2139824 Ether",5331107
1,0x7793cd85c11a924478d358d49b05b37e91b5810f,Gate.io 2,237.90332846 Ether,11113
2,0x1c4b70a3968436b9a0a9cf5205c787eb81bb558c,Gate.io 3,27.32307578 Ether,38050
3,0xd793281182a0e3e023116004778f45c29fc14f19,Gate.io: Contract,"11,828.78872651 Ether",213
