,Address,Name Tag,Balance,Txn Count
0,0x9c67e141c0472115aa1b98bd0088418be68fd249,HitBTC 1,0.10306233 Ether,166824
1,0x59a5208b32e627891c389ebafc644145224006e8,HitBTC 2,0.92956846 Ether,1866315
2,0xa12431d0b9db640034b0cdfceef9cce161e62be4,HitBTC 3,"1,677.56471765 Ether",1226008
