,Address,Name Tag,Balance,Txn Count
0,0xe8a0e282e6a3e8023465accd47fae39dd5db010b,Kryptono 1,0.02947003 ETH,18981
1,0x629a7144235259336ea2694167f3c8b856edd7dc,Kryptono 2,0.00848255 ETH,99
2,0x30b71d015f60e2f959743038ce0aaec9b4c1ea44,Kryptono 3,0.01 ETH,11605
3,0xb41f09a973a85c7f497c10b00a939de667b55a78,Kryptono Token,0 ETH,9066
