,Address,Name Tag,Balance,Txn Count
0,0xe50365f5d679cb98a1dd62d6f6e58e59321bcddf,LA Token,0 Ether,38546
1,0x0861fca546225fbf8806986d211c8398f7457734,LAToken,0.00879667 Ether,34119
2,0x7891b20c690605f4e370d6944c8a5dbfac5a451c,LAToken 2,"2,422.88938262 Ether",4429
3,0x1b6c1a0e20af81b922cb454c3e52408496ee7201,LAToken 3,0.20728479 Ether,40680
