,Address,Name Tag,Balance,Txn Count
0,0x5f98805a4e8be255a32880fdec7f6728c6568ba0,Liquity LUSD: LUSD Token,0 Ether,17532
1,0xdf9eb223bafbe5c5271415c75aecd68c21fe3d7f,Liquity: Active Pool,"334,319.11650057 Ether",55
2,0x24179cd81c9e782a4096035f7ec97fb8b783e007,Liquity: Borrower Operations,0 Ether,33205
3,0x3d32e8b97ed5881324241cf03b2da5e2ebce5521,Liquity: Coll Surplus Pool,570.72474827 Ether,2
4,0xd8c9d9071123a059c6e0a945cf0e0c82b508d816,Liquity: Community Issuance,0 Ether,2
5,0x896a3f03176f05cfbb4f006bfcd8723f2b0d741c,Liquity: Default Pool,0 Ether,2
6,0xa850535d3628cd4dfeb528dc85cfa93051ff2984,Liquity: Deployer,0.09998743 Ether,102
7,0x9555b042f969e561855e5f28cb1230819149a8d9,Liquity: Gas Pool,0 Ether,1
8,0xe84251b93d9524e0d2e621ba7dc7cb3579f997c0,Liquity: Hint Helpers,0 Ether,2
9,0x2ebef24da09489218ba2becb01867f6daaedcd4b,Liquity: Lockup Contract Factory,0 Ether,40
10,0x4f9fbb3f1e99b56e0fe2892e623ed36a76fc605d,Liquity: LQTY Staking,88.71383945 Ether,29586
11,0x6dea81c8171d0ba574754ef6f8b412f2ed88c54d,Liquity: LQTY Token,0 Ether,25953
12,0xfc92d0e9fa35df17e3a6d9f40716ca2ce749922b,Liquity: Multi Trove Getter,0 Ether,1
13,0x4c517d4e2c851ca76d7ec94b805269df0f2201de,Liquity: Price Feed,0 Ether,8
14,0x8fdd3fbfeb32b28fb73555518f8b361bcea741a6,Liquity: Sorted Troves,0 Ether,2
15,0x66017d22b0f8556afdd19fc67041899eb65a21bb,Liquity: Stability Pool,"11,404.09403353 Ether",26608
16,0xd37a77e71ddf3373a79be2ebb76b6c4808bdf0d5,Liquity: Uni Pool,0 Ether,4697
