,Address,Name Tag,Balance,Txn Count
0,0x77217d89cd406ebe6744738da955065423551707,,0.00007011 ETH,3
1,0x86fe8d6d4c8a007353617587988552b6921514cb,,3.31123716 ETH,24
2,0xc2381378fd9f5b45717d2ca9c44c4f78861c3104,,0 ETH,0
3,0xc156c57231a9302d9f5c7b5ef22871cc25f40736,,0.00291348 ETH,10
4,0xbffd447482bae149e9127106a117652a2b0e3116,,0 ETH,0
5,0xc96004a52dc20be8cd322c22f0e06210628d0ac2,,13.01318639 ETH,41
6,0xe442325f5827ec9567565a608614131cc09cb598,,0 ETH,0
7,0x0cec743b8ce4ef8802cac0e5df18a180ed8402a7,Yearn: MultiSig Signer Milkyklim,5.89564633 ETH,2515
8,0x6e83d6f57012d74e0f131753f8b5ab557824507d,Yearn: MultiSig Signer Vasiliy Shapovalov,0.36320664 ETH,32
