,Address,Name Tag,Balance,Txn Count
0,0x61048cf69333ac0a7311f60cfd94cafff1da9079,Nacdaq: Staking Pool,0.00799522 Ether,5
1,0xbfcffaa83d6604d2b246e3526b56c8b9bb082a3e,Nacdaq: Staking Pool 2,0.00213863 Ether,6
2,0x8ffa901bf4bd099eddfa16d5d66b7743dda69019,Nacdaq: Staking Pool 3,0.02047297 Ether,7
3,0xd1a6f3fad1d269672f7e740eee820f01f4a64529,Nacdaq: Staking Pool 4,0.01576303 Ether,6
4,0x157833a3e5746633c5efd95a86260abfc41d10c5,Nacdaq: Staking Pool 5,0.01028349 Ether,6
5,0x742c548e103588db659af4ee3bf12b14d068b562,Nacdaq: Staking Pool 6,0.02820209 Ether,3
