,Address,Name Tag,Balance,Txn Count
0,0x6cc5f688a315f3dc28a7781717a9a798a59fda7b,OKEx,896.01409948 Ether,2904567
1,0x236f9f97e0e62388479bf9e5ba4889e46b0273c3,OKEx 2,0.78826628 Ether,868652
2,0xa7efae728d2936e78bda97dc267687568dd593f3,OKEx 3,"447,539.66009956 Ether",1576744
3,0x2c8fbb630289363ac80705a1a61273f76fd5a161,OKEx 4,"7,398.13208767 Ether",384
4,0x59fae149a8f8ec74d5bc038f8b76d25b136b9573,OKEx 5,0.0262309 Ether,30
5,0x98ec059dc3adfbdd63429454aeb0c990fba4a128,OKEx 6,"200,000.10705597 Ether",39
6,0x5041ed759dd4afc3a72b8192c143f72f4724081a,OKEx 7,156.7838947 Ether,1155790
7,0x75231f58b43240c9718dd58b4967c5114342a86c,OKEx: OKB Token,0 Ether,114055
