,Address,Name Tag,Balance,Txn Count
0,0x22405c1782913fb676bc74ef54a60727b0e1026f,OMG Network V1: Authority,0.00011935 ETH,5285
1,0x070cb1270a4b2ba53c81cef89d0fd584ed4f430b,OMG Network V1: ERC-20 Vault,0 ETH,396
2,0x3eed23ea148d356a72ca695dbce2fceb40a32ce0,OMG Network V1: ETH Vault,17.39352331 ETH,361
3,0x48d7a6bbc428bca019a560cf3e8ea5364395aad3,OMG Network V1: Exit Game,0.238 ETH,212
4,0x0d4c1222f5e839a911e2053860e45f18921d72ac,OMG Network V1: Plasma Framework,0 ETH,5376
5,0xd26114cd6ee289accf82350c8d8487fedb8a0c07,OMG Network: OMG Token,0 ETH,2782807
6,0x79dac4c6aaff683328b9d000ffd5030c8b1e9df2,OMG Network: ROCK Token,0 ETH,5
