,Address,Name Tag,Balance,Txn Count
0,0x91f6d99b232153cb655ad3e0d05e13ef505f6cd5,Sparrow Exchange 1,673.21685116 ETH,1821
1,0xe855283086fbee485aecf2084345a91424c23954,Sparrow Exchange 2,2.53240723 ETH,1099
