,Address,Name Tag,Balance,Txn Count
0,0xb66a603f4cfe17e3d27b87a8bfcad319856518b8,Rarible: Asset Contract ERC1155,0 Ether,62568
1,0xf6793da657495ffeff9ee6350824910abc21356c,Rarible: Asset Contract ERC721,0 Ether,2426
2,0x3482549fca7511267c9ef7089507c0f16ea1dcc1,Rarible: Deployer,0.01733126 Ether,323
3,0x81243681078bee8e251d02ee6872b1eaa6dd982a,Rarible: ERC1155 Factory,0 Ether,11
4,0x6d9dd3547baf4c190ab89e0103c363feaf325eca,Rarible: ERC721 Factory,0 Ether,5
5,0xcd4ec7b66fbc029c116ba9ffb3e59351c20b5b06,Rarible: Exchange 1,0 Ether,190424
6,0x9757f2d2b135150bbeb65308d4a91804107cd8d6,Rarible: Exchange Proxy,0 Ether,172563
7,0xea90cfad1b8e030b8fd3e63d22074e0aeb8e0dcd,Rarible: External Royalties,0 Ether,2494
8,0xfca59cd816ab1ead66534d82bc21e7515ce441cf,Rarible: RARI Token 1,0 Ether,142947
9,0x60f80121c31a0d46b5279700f9df786054aa5ee5,Rarible: RARI Token 2,0 Ether,344042
10,0xd07dc4262bcdbf85190c01c996b4c06a461d2430,Rarible: RARI Token 3,0 Ether,506793
11,0x1cf0df2a5a20cd61d68d4489eebbf85b8d39e18a,Rarible: Treasury,"3,690.98458179 Ether",31
12,0xfdff6b56cce39482032b27140252ff4f16432785,Rarible: Treasury 2,0 Ether,12
