,Address,Name Tag,Balance,Txn Count
0,0xb8cf411b956b3f9013c1d0ac8c909b086218207c,Remitano 1,0.0111412 Ether,78779
1,0x2819c144d5946404c0516b6f817a960db37d4929,Remitano 2,830.26699027 Ether,1761870
