,Address,Name Tag,Balance,Txn Count
0,0xcc80c051057b774cd75067dc48f8987c4eb97a5e,Ethfinex: Nectar Token,0 ETH,6012
1,0xaf8ae6955d07776ab690e565ba6fbc79b8de3a5d,Rhino.fi,134.77505865 ETH,18823
2,0x5d22045daceab03b158031ecb7d9d06fad24609b,Rhino.fi: Bridge,"1,481.42576941 ETH",17058
3,0xd924bdd6fa7fd3d0eb1337853a814a4263dcbfe8,Rhino.fi: OTC,1.450905 ETH,974
