,Address,Name Tag,Balance,Txn Count
0,0xffbffe2a8926cc1dd4ff307961e99e9a2586a698,Rocket Pool: Deployer,2.5537836 ETH,330
1,0x0ccf14983364a7735d369879603930afe10df21e,Rocket Pool: Deployer 2,9.5551559 ETH,325
2,0x2cac916b2a963bf162f076c0a8a4a8200bcfbfb4,Rocket Pool: Deposit Pool,0 ETH,4145
3,0x6293b8abc1f36afb22406be5f96d893072a8cf3a,Rocket Pool: Mini Pool Manager,0 ETH,1
4,0xdcd51fc5cd918e0461b9b7fb75967fdfd10dae2f,Rocket Pool: Node Deposits,0 ETH,7054
5,0xb4efd85c19999d84251304bda99e90b92300bd93,Rocket Pool: Old RPL Token,0 ETH,41973
6,0xfe1f75e8e3c4516c8526911f9cec0f0570588aea,Rocket Pool: Oracle DAO Node 1,0.00841849 ETH,256
7,0xccbff44e0f0329527feb0167bc8744d7d5aed3e9,Rocket Pool: Oracle DAO Node 2,3.45703475 ETH,732
8,0x8b371a3bbe75ee4746a191aee69400f8ebb99eeb,Rocket Pool: Oracle DAO Node 3,0.0179154 ETH,367
9,0x8d074ad69b55dd57da2708306f1c200ae1803359,Rocket Pool: Oracle DAO Node 4,1.78220319 ETH,749
10,0xd2a4848a6644749e652c1d9398b5aa317f57395b,Rocket Pool: Oracle DAO Rewards 1,22.80385544 ETH,76
11,0x2a1af071ef61a7003fa57df47d93ad82b66344b7,Rocket Pool: Oracle DAO Rewards 4,0 ETH,48
12,0x899336a2a86053705e65db61f52c686dcfaef548,Rocket Pool: Rewards,0 ETH,8853
13,0x372236c940f572020c0c0eb1ac7212460e4e5a33,Rocket Pool: Rocket Node Manager,0 ETH,971
14,0xd33526068d116ce69f19a9ee46f0bd304f21a51f,Rocket Pool: RPL Token,0 ETH,30326
15,0x3019227b2b8493e45bf5d25302139c9a2713bf15,Rocket Pool: Staking,0 ETH,5528
16,0x1d8f8f00cfa6758d7be78336684788fb0ee0fa46,Rocket Pool: Storage,0 ETH,3094
17,0xb8e783882b11ff4f6cef3c501ea0f4b960152cc9,Rocket Pool: Trusted Node,0 ETH,24
18,0x5b9b2494060138470a2b834f6003c0343a585349,Rocket Pool: Trusted Node Actions,0 ETH,19
19,0x3bdc69c4e5e13e52a65f5583c23efb9636b469d6,Rocket Pool: Vault,"5,136.55851609 ETH",6
