,Address,Name Tag,Balance,Txn Count
0,0x29a519e21d6a97cdb82270b69c98bac6426cdcf9,Router: 0x29a...cf9,0.10846915 Ether,1648
1,0x6201b8ec0cd3c29826bbbf1ca89924e42e0f6db4,Router: 0x620...db4,0.06867135 Ether,238
2,0x6fd84ba95525c4ccd218f2f16f646a08b4b0a598,Router: 0x6fd...598,0.98835368 Ether,1820
3,0x7e76de758cd414096a4882ed2824bc513d7ed7c9,Router: 0x7e7...7c9,0.62228442 Ether,4306
4,0xae1e59402a3f483f0bbb663800ff21a0f2b1701d,Router: 0xae1...01d,33.75880333 Ether,3738
5,0xc4cce996f30d65b1a27c44de84fe79bf1f0d528b,Router: 0xc4c...28b,0.06307655 Ether,359
