,Address,Name Tag,Balance,Txn Count
0,0x19aa5fe80d33a56d56c78e82ea5e50e5d80b4dff,OFAC SDN: 0x19a...dff,0.02396611 Ether,1587
1,0x2f389ce8bd8ff92de3402ffce4691d17fc4f6535,OFAC SDN: 0x2f3...535,0.02995448 Ether,1096
2,0x308ed4b7b49797e1a98d3818bff6fe5385410370,OFAC SDN: 0x308...370,0.00454324 Ether,231
3,0xe7aa314c77f4233c18c6cc84384a9247c0cf367b,OFAC SDN: 0xe7a...67b,0.00558 Ether,250
