,Address,Name Tag,Balance,Txn Count
0,0x099a91d684585618298250cc376a0531f83ef9a2,StrongBlock: Deployer,0.00002 Ether,5
1,0x2e734269c869bda3ea6550f510d2514f2d66de71,StrongBlock: NFT,0 Ether,8185
2,0xc5622f143972a5da6aabc5f5379311ee5eb48568,StrongBlock: Node Rewards,0.00099899 Ether,215045
3,0xfbddadd80fe7bda00b901fbaf73803f2238ae655,StrongBlock: Service,46.78602768 Ether,2333400
4,0x990f341946a3fdb507ae7e52d17851b87168017c,StrongBlock: STRONG Token,0 Ether,608551
