,Address,Name Tag,Balance,Txn Count
0,0xba3ed686cc32ffa8664628b1e96d8022e40543de,Switcheo Exchange,5.55317049 Ether,119558
1,0x7ee7ca6e75de79e618e88bdf80d0b1db136b22d0,Switcheo Exchange V2,827.27631228 Ether,176285
2,0x571037cc2748c340e3c6d9c7af589c6d65806618,Switcheo: Coordinator,6.95523845 Ether,154712
