,Address,Name Tag,Balance,Txn Count
0,0x69670b0c1b100739812415dd474804bb32b3aeca,WHG 1,18.91276941 ETH,480
1,0x3abe5285ed57c8b028d62d30c456ca9eb3e74105,WHG: Choose Return Address,0 ETH,14
2,0x1dba1131000664b884a1ba238464159892252d3a,WHG: Jordi Baylina,0.46085136 ETH,4775
