,Address,Name Tag,Balance,Txn Count
0,0x69670b0c1b100739812415dd474804bb32b3aeca,WHG 1,18.82175973 Ether,477
1,0x3abe5285ed57c8b028d62d30c456ca9eb3e74105,WHG: Choose Return Address,0 Ether,14
2,0x1dba1131000664b884a1ba238464159892252d3a,WHG: Jordi Baylina,0.46701798 Ether,4769
