,Address,Name Tag,Balance,Txn Count
0,0xd94c9ff168dc6aebf9b6cc86deff54f3fb0afc33,Yunbi 1,0.05966707 ETH,440618
1,0x42da8a05cb7ed9a43572b5ba1b8f82a0a6e263dc,Yunbi 2,0.72990862 ETH,250870
2,0x700f6912e5753e91ea3fae877a2374a2db1245d7,Yunbi 3,0.70965759 ETH,7960
