,Address,Name Tag,Balance,Txn Count
0,0x6168bbf5ef2001981c8b300723d7f300f01871ff,Avalaunch: Dexalot Sale,0 AVAX,102175
1,0xa6a01f4b494243d84cf8030d982d7eeb2aecd329,Avalaunch: IDO Allocation Staking,0 AVAX,449442
2,0x51208420eaba25b787008ee856665b2f4c5ed818,Avalaunch: Platypus Sale,0 AVAX,176049
3,0xac77e873919759b962ca07b15f09f938f24e260b,Avalaunch: TaleCraft Sale,15.03998565 AVAX,147543
4,0xd1c3f94de7e5b45fa4edbba472491a9f4b166fc4,Avalaunch: XAVA Token,0 AVAX,318697
5,,Sum of 5 Accounts,15.03998565 AVAX,1193906
