,Address,Name Tag,Balance,Txn Count
0,0x6168bbf5ef2001981c8b300723d7f300f01871ff,Avalaunch: Dexalot Sale,0 AVAX,102175
1,0x093783055f9047c2bff99c4e414501f8a147bc69,Dexalot: ALOT Token,0 AVAX,66061
2,0x12e2b3236d338651f7ee2222e9756b4222694323,Dexalot: Exchange,0 AVAX,487
3,0x3ece76f7add934fb8a35c9c371c4d545e299669a,Dexalot: OrderBooks,0 AVAX,2
4,0x6f8205cf222dd4c6615991c7f604f366526b5c6e,Dexalot: Portfolio,"2,797.99743166 AVAX",49268
5,0x1d34b421a5ede3e300d3b8bcf3be5c6f45971e20,Dexalot: Trade Pairs,0 AVAX,341070
6,,Sum of 6 Accounts,"2,797.99743166 AVAX",559063
