,Address,Name Tag,Balance,Txn Count
0,0x59e55ac0cb34358b9511bbb3f3c1327bd40523e5,Bitmart Hacker,408.44294587 AVAX,1
1,0x489a8756c18c0b8b24ec2a2b9ff3d4d447f79bec,BNB Bridge Exploiter,6.99363224 AVAX,28
2,0x7373dca267bdc623dfba228696c9d4e8234469f6,Defrost Finance Exploiter,0.67115061 AVAX,45
3,0x3bdf01ed32f07e8e843163b5d478d4502f5743cd,ElasticSwap Exploiter,0.00018375 AVAX,13
4,0xdd8429b85a92b35712659bd945462a41bfd60cbd,ElasticSwap Exploiter 3,0.00019083 AVAX,2
5,0x25fde76a52d01c83e31d2d3d5e1d2011ff103c56,ElasticSwap Expoiter 2,0.00018375 AVAX,4
6,0x67afdd6489d40a01dae65f709367e1b1d18a5322,Platypus Finance Exploiter,0.02 AVAX,13
7,0xeff003d64046a6f521ba31f39405cb720e953958,Platypus Finance Exploiter 1,2.49177688 AVAX,49
8,0xf5d6007abb615654a95d33614a059fa59bcff390,Platypus Finance Exploiter Contract 2,0 AVAX,2
9,0x650c104c3b0c679fc195cda1c38f8b0a39fb77b1,Platypus Finance Exploiter Contract 3,0 AVAX,2
10,,Sum of 10 Accounts,418.62006394 AVAX,159
