,Address,Name Tag,Balance,Txn Count
0,0x51208420eaba25b787008ee856665b2f4c5ed818,Avalaunch: Platypus Sale,0 AVAX,176049
1,0xac77e873919759b962ca07b15f09f938f24e260b,Avalaunch: TaleCraft Sale,15.03998565 AVAX,147543
2,,Sum of 2 Accounts,15.03998565 AVAX,323592
