,Address,Name Tag,Balance,Txn Count
0,0xc10ef9f491c9b59f936957026020c321651ac078,Multichain: anyCall V6,1.5 AVAX,226
1,0x264c1383ea520f73dd837f915ef3a732e204a493,Multichain: BNB Token,0 AVAX,113275
2,0xfa9da51631268a30ec3ddd1ccbf46c65fad99251,Multichain: Deployer,0.92304766 AVAX,794
3,0x4e13c3c78094e60cef02d87fd266cd7aed415f17,Multichain: Moonbeam Bridge,"2,531.90640839 AVAX",5731
4,0xb0731d50c681c45856bfc3f7539d5f61d4be81d8,Multichain: Router V4,0 AVAX,765123
5,0xe5cf1558a1470cb5c166c2e8651ed0f3c5fb8f42,Multichain: Router V4 2,0 AVAX,175623
6,0x833f307ac507d47309fd8cdd1f835bef8d702a93,Multichain: Router V6,0 AVAX,88185
7,0x05f024c6f5a94990d32191d6f36211e3ee33504e,Multichain: Router V6 2,0 AVAX,19523
8,,Sum of 8 Accounts,"2,534.32945606 AVAX",1168480
