,Address,Name Tag,Balance,Txn Count
0,0xa3f45e619ce3aae2fa5f8244439a66b203b78bcc,KuCoin,46.0079347 Ether,4331
1,0xebb8ea128bbdff9a1780a4902a9380022371d466,KuCoin 2,81.05919245 Ether,51011
2,0xd6216fc19db775df9774a6e33526131da7d19a2c,KuCoin 3,3.99745786 Ether,35
3,,Sum of 3 Accounts,131.06458503 Ether,55377
