,Address,Name Tag,Balance,Txn Count
0,0x6fd9d7ad17242c41f7131d257212c54a0e816691,,0 Ether,16449
1,0x6c9fc64a53c1b71fb3f9af64d1ae3a4931a5f4e9,Uniswap V3: Deployer,0.00000047 Ether,9
2,0xc36442b4a4522e871399cd717abdd847ab11fe88,Uniswap V3: Positions NFT,0 Ether,562933
3,0xe592427a0aece92de3edee1f18e0157c05861564,Uniswap V3: Router,0 Ether,1234709
4,0x68b3465833fb72a70ecdf485e0e4c7bd8665fc45,Uniswap V3: Router 2,0 Ether,3003164
5,0x0d162447b8df47c2e7910441bf3c8c1b55b9b124,Uniswap: Uniswap Grants Program,0 Ether,11
6,0xb555edf5dcf85f42ceef1f3630a52a108e55a654,Uniswap: Universal Router,0 Ether,380167
7,,Sum of 7 Accounts,0.00000047 Ether,5197442
