,Address,Name Tag,Balance,Txn Count
0,0x03bdf69b1322d623836afbd27679a1c0afa067e9,AscendEX 1,0.84458908 ETH,150809
1,0x4b1a99467a284cc690e3237bc69105956816f762,AscendEX 2,168.15757837 ETH,42533
2,0x986a2fca9eda0e06fbf7839b89bfc006ee2a23dd,AscendEX 3,0 ETH,561077
3,0x09344477fdc71748216a7b8bbe7f2013b893def8,AscendEX: Deposit Funder,2.01779978 ETH,417104
4,0xcca0c9c383076649604ee31b20248bc04fdf61ca,BitMax: BTMX Token,0 ETH,12598
5,0x896c3307f0b10fb956f5d22185863c2917bf58c1,BitMax: Deployer,0 ETH,935
6,0x1c289a12a8552b314d0d153d6991fd27a54aa640,BitMax: Old Token 1,0 ETH,10403
7,0xf45f0e16b5e096286e1fb463d34be9f3df5e3602,BitMax: Old Token 2,0 ETH,2782
