,Address,Name Tag,Balance,Txn Count
0,0x622de9bb9ff8907414785a633097db438f9a2d86,Bitcoin Suisse: Eth2 Depositor,0 ETH,1062
1,0xdd9663bd979f1ab1bada85e1bc7d7f13cafe71f8,Bitcoin Suisse: Eth2 Depositor 1,0 ETH,1408
2,0xec70e3c8afe212039c3f6a2df1c798003bf7cfe9,Bitcoin Suisse: Eth2 Depositor 2,0 ETH,114
3,0x3837ea2279b8e5c260a78f5f4181b783bbe76a8b,Bitcoin Suisse: Eth2 Depositor 3,0 ETH,417
4,0x2a7077399b3e90f5392d55a1dc7046ad8d152348,Bitcoin Suisse: Eth2 Depositor 4,0.32702138 ETH,7827
5,0xc2288b408dc872a1546f13e6ebfa9c94998316a2,Bitcoin Suisse: Eth2 Depositor 5,0.35403155 ETH,10420
