,Address,Name Tag,Balance,Txn Count
0,0xeea81c4416d71cef071224611359f6f99a4c4294,BitMEX 1,"12,084.1717141 ETH",201
1,0xfb8131c260749c7835a08ccbdb64728de432858e,BitMEX 2,"1,746.99621316 ETH",36532
