,Address,Name Tag,Balance,Txn Count
0,0xeea81c4416d71cef071224611359f6f99a4c4294,BitMEX 1,"12,084.17109194 ETH",202
1,0xfb8131c260749c7835a08ccbdb64728de432858e,BitMEX 2,"1,763.74374839 ETH",36975
