,Address,Name Tag,Balance,Txn Count
0,0xa26a8e242a7470476df1dc11ded5dbc9fca610fa,BlockFi 1,0 ETH,96141
1,0x04046027549f739edfd5b2a78efdbaf0f0bf4514,BlockFi 2,39.58463001 ETH,232810
2,0x530e0a6993ea99ffc96615af43f327225a5fe536,BlockFi 3,12.53002911 ETH,686820
3,0x808b4da0be6c9512e948521452227efc619bea52,BlockFi 4,0 ETH,593052
4,0x3fda25f27211a138adf211f4c060f2149674be6d,BlockFi 5,53.10304146 ETH,1349559
5,0x2a549b4af9ec39b03142da6dc32221fc390b5533,BlockFi 6,129.51262593 ETH,8570
