,Address,Name Tag,Balance,Txn Count
0,0xf573d99385c05c23b24ed33de616ad16a43a0919,bloXroute: Ethical Builder,1.91901088 ETH,10783
1,0xf2f5c73fa04406b1995e397b55c24ab1f3ea726c,bloXroute: Max Profit Builder,1.96903434 ETH,60169
2,0x199d5ed7f45f4ee35960cf22eade2076e95b253f,bloXroute: Regulated Builder,1.35202293 ETH,28787
