,Address,Name Tag,Balance,Txn Count
0,0x000000000000000000000000000000000000dead,Null: 0x00...dEaD,"12,596.94690302 ETH",20952
1,0x0000000000000000000000000000000000000000,Null: 0x000...000,"11,734.71900282 ETH",77089
2,0x0000000000000000000000000000000000000001,Null: 0x000...001,53.98333988 ETH,8899
3,0x0000000000000000000000000000000000000002,Null: 0x000...002,4.11275412 ETH,167
4,0x0000000000000000000000000000000000000003,Null: 0x000...003,1.49072369 ETH,53
5,0x0000000000000000000000000000000000000004,Null: 0x000...004,1.90047114 ETH,27
6,0x0000000000000000000000000000000000000005,Null: 0x000...005,0.17222679 ETH,17
7,0x0000000000000000000000000000000000000006,Null: 0x000...006,2 wei,2
8,0x0000000000000000000000000000000000000007,Null: 0x000...007,1 wei,2
9,0x0000000000000000000000000000000000000008,Null: 0x000...008,1 wei,4
10,0x0000000000000000000000000000000000000009,Null: 0x000...009,1 wei,4
11,0x00000000000000000000045261d4ee77acdb3286,Null: 0x000...286,0 ETH,0
12,0x0123456789012345678901234567890123456789,Null: 0x012...789,0.01284577 ETH,6
13,0x1111111111111111111111111111111111111111,Null: 0x111...111,5.48405072 ETH,90
14,0x1234567890123456789012345678901234567890,Null: 0x123...890,17.00301412 ETH,148
15,0x2222222222222222222222222222222222222222,Null: 0x222...222,0.37835972 ETH,13
16,0x3333333333333333333333333333333333333333,Null: 0x333...333,0.00333333 ETH,3
17,0x4444444444444444444444444444444444444444,Null: 0x444...444,0.04794444 ETH,5
18,0x6666666666666666666666666666666666666666,Null: 0x666...666,0.06752625 ETH,9
19,0x8888888888888888888888888888888888888888,Null: 0x888...888,0.00888888 ETH,11
20,0xbbbbbbbbbbbbbbbbbbbbbbbbbbbbbbbbbbbbbbbb,Null: 0xbBb...BbB,0 ETH,1
21,0xdead000000000000000042069420694206942069,Null: 0xdea...069,0.50922686 ETH,48
22,0xeeeeeeeeeeeeeeeeeeeeeeeeeeeeeeeeeeeeeeee,Null: 0xeee...eee,164.7040774 ETH,20222
23,0xffffffffffffffffffffffffffffffffffffffff,Null: 0xfff...fff,0.3732984 ETH,188
24,0xaaaaaaaaaaaaaaaaaaaaaaaaaaaaaaaaaaaaaaaa,Null: aAa...aAa,31.003821 ETH,18
