,Address,Name Tag,Balance,Txn Count
0,0xfcb19e6a322b27c06842a71e8c725399f049ae3a,Centre: USD Coin,0 ETH,32313513
1,0x5db0115f3b72d19cea34dd697cf412ff86dc7e1b,Circle,"1,030.9309576 ETH",827242
2,0x5392bd00571157fa11103b0ee6d492c9563a6799,Circle: Deposit,0 ETH,18849
3,0xa0b86991c6218b36c1d19d4a2e9eb0ce3606eb48,USDC: Blacklister,0.02472053 ETH,232
4,0xe982615d461dd5cd06575bbea87624fda4e3de17,USDC: Master Minter,0 ETH,795
5,0xf0d160dec1749afaf5a831668093b1431f7c8527,USDC: Owner,0.0905165 ETH,7
6,0x55fe002aeff02f77364de339a1292923a15844b8,USDC: Pauser,0.051 ETH,2
