,Address,Name Tag,Balance,Txn Count
0,0x71660c4005ba85c37ccec55d0c4493e66fe775d3,Coinbase 1,"1,257.23347371 ETH",1573393
1,0xa9d1e08c7793af67e9d92fe308d5697fb81d3e43,Coinbase 10,"16,272.1825334 ETH",2264321
2,0x77696bb39917c91a0c3908d577d5e322095425ca,Coinbase 11,649.94462925 ETH,687208
3,0x7c195d981abfdc3ddecd2ca0fed0958430488e34,Coinbase 12,"1,117.9100438 ETH",408263
4,0x95a9bd206ae52c4ba8eecfc93d18eacdd41c88cc,Coinbase 13,651.77168353 ETH,1542279
5,0xb739d0895772dbb71a89a3754a160269068f0d45,Coinbase 14,"6,258.85807392 ETH",791721
6,0x503828976d22510aad0201ac7ec88293211d23da,Coinbase 2,713.98663112 ETH,2111938
7,0xddfabcdc4d8ffc6d5beaf154f18b778f892a0740,Coinbase 3,"3,655.45931757 ETH",8384771
8,0x3cd751e6b0078be393132286c442345e5dc49699,Coinbase 4,"14,396.00975862 ETH",10041598
9,0xb5d85cbf7cb3ee0d56b3bb207d5fc4b82f43f511,Coinbase 5,"4,279.46368266 ETH",9529220
10,0xeb2629a2734e272bcc07bda959863f316f4bd4cf,Coinbase 6,"2,803.46195171 ETH",7818905
11,0xd688aea8f7d450909ade10c47faa95707b0682d9,Coinbase 7,0.00004046 ETH,3
12,0x02466e547bfdab679fc49e96bbfc62b9747d997c,Coinbase 8,0.00003565 ETH,4
13,0x6b76f8b1e9e59913bfe758821887311ba1805cab,Coinbase 9,0 ETH,5
14,0xbe3c68821d585cf1552214897a1c091014b1eb0a,Coinbase: Account Blacklister,0.34428961 ETH,211
15,0xf6874c88757721a02f47592140905c4336dfbc61,Coinbase: Coinbase Commerce,0 ETH,839274
16,0x881d4032abe4188e2237efcd27ab435e81fc6bb1,Coinbase: Commerce,0 ETH,1190367
17,0x6c8dd0e9cc58c07429e065178d88444b60e60b80,Coinbase: Commerce Fee,0.00446643 ETH,16962
18,0xbc8ec259e3026ae0d87bc442d034d6882ce4a35c,Coinbase: Commerce Fee 2,0.09588968 ETH,20045
19,0x02d24cab4f2c3bf6e6eb07ea07e45f96baccffe7,Coinbase: Commerce Fee 3,0.00034456 ETH,19786
20,0xce352e98934499be70f641353f16a47d9e1e3abd,Coinbase: Commerce Fee 4,0.00404874 ETH,15055
21,0x90e18a6920985dbacc3d76cf27a3f2131923c720,Coinbase: Commerce Fee 5,0.00048768 ETH,23808
22,0x4b23d52eff7c67f5992c2ab6d3f69b13a6a33561,Coinbase: Commerce Fee 6,0.04635003 ETH,20734
23,0xd2276af80582cac230edc4c42e9a9c096f3c09aa,Coinbase: Deposit 1,0 ETH,6
24,0xa090e606e30bd747d4e6245a1517ebe430f0057e,Coinbase: Miscellaneous,0.00115043 ETH,26137069
