,Address,Name Tag,Balance,Txn Count
0,0xd1669ac6044269b59fa12c5822439f609ca54f41,CoinList 1,"1,977.7427104 ETH",727289
1,0x8d1f2ebfaccf1136db76fdd1b86f1dede2d23852,CoinList 2,23.65314879 ETH,913969
2,0xd2c82f2e5fa236e114a81173e375a73664610998,CoinList 3,31.0470141 ETH,2093357
