,Address,Name Tag,Balance,Txn Count
0,0xbc8ec259e3026ae0d87bc442d034d6882ce4a35c,Coinbase 1,"1,567.48783195 ETH",1577532
1,0x3cd751e6b0078be393132286c442345e5dc49699,Coinbase 10,0.3972182 ETH,2284376
2,0x881d4032abe4188e2237efcd27ab435e81fc6bb1,Coinbase 11,"19,040.77355336 ETH",691493
3,0xd2276af80582cac230edc4c42e9a9c096f3c09aa,Coinbase 12,380.8034972 ETH,413541
4,0xa090e606e30bd747d4e6245a1517ebe430f0057e,Coinbase 13,"20,889.72548252 ETH",1546790
5,0xeb2629a2734e272bcc07bda959863f316f4bd4cf,Coinbase 14,486.33331072 ETH,795507
6,0xf6874c88757721a02f47592140905c4336dfbc61,Coinbase 2,382.48842432 ETH,2116384
7,0xddfabcdc4d8ffc6d5beaf154f18b778f892a0740,Coinbase 3,421.07240006 ETH,8388447
8,0x71660c4005ba85c37ccec55d0c4493e66fe775d3,Coinbase 4,876.65606733 ETH,10044768
9,0x02466e547bfdab679fc49e96bbfc62b9747d997c,Coinbase 5,"1,066.99171021 ETH",9532674
10,0xd688aea8f7d450909ade10c47faa95707b0682d9,Coinbase 6,963.77273298 ETH,7822759
11,0x7c195d981abfdc3ddecd2ca0fed0958430488e34,Coinbase 7,0.00004046 ETH,3
12,0x6c8dd0e9cc58c07429e065178d88444b60e60b80,Coinbase 8,0.00003565 ETH,4
13,0xbe3c68821d585cf1552214897a1c091014b1eb0a,Coinbase 9,0 ETH,5
14,0x77696bb39917c91a0c3908d577d5e322095425ca,Coinbase: Account Blacklister,0.34428961 ETH,211
15,0x95a9bd206ae52c4ba8eecfc93d18eacdd41c88cc,Coinbase: Coinbase Commerce,0 ETH,839274
16,0xb739d0895772dbb71a89a3754a160269068f0d45,Coinbase: Commerce,0 ETH,1196769
17,0xb5d85cbf7cb3ee0d56b3bb207d5fc4b82f43f511,Coinbase: Commerce Fee,0.02017374 ETH,16979
18,0x4b23d52eff7c67f5992c2ab6d3f69b13a6a33561,Coinbase: Commerce Fee 2,0.00043903 ETH,20054
19,0x02d24cab4f2c3bf6e6eb07ea07e45f96baccffe7,Coinbase: Commerce Fee 3,0.00285316 ETH,19796
20,0xce352e98934499be70f641353f16a47d9e1e3abd,Coinbase: Commerce Fee 4,0.02911583 ETH,15063
21,0x6b76f8b1e9e59913bfe758821887311ba1805cab,Coinbase: Commerce Fee 5,0.01153656 ETH,23822
22,0xa9d1e08c7793af67e9d92fe308d5697fb81d3e43,Coinbase: Commerce Fee 6,0.01999979 ETH,20745
23,0x503828976d22510aad0201ac7ec88293211d23da,Coinbase: Deposit 1,0 ETH,6
24,0x90e18a6920985dbacc3d76cf27a3f2131923c720,Coinbase: Miscellaneous,0.00134664 ETH,26137793
