,Address,Name Tag,Balance,Txn Count
0,0x1e2fcfd26d36183f1a5d90f0e6296915b02bcb40,Coinone,"7,301.2656758 ETH",1039086
1,0x7a1ba53c0e2d218df39e76e4efbf0455978cc23e,Coinone 2,"86,004.88766666 ETH",95
2,0x35da6abcb08f2b6164fe380bb6c47bd8f2304d55,Coinone: Deposit Funder,101.64962408 ETH,43188
3,0x167a9333bf582556f35bd4d16a7e80e191aa6476,Coinone: Old Address 1,0 ETH,28
