,Address,Name Tag,Balance,Txn Count
0,0xd2c82f2e5fa236e114a81173e375a73664610998,CoinList 1,"1,621.6483772 ETH",728126
1,0xd1669ac6044269b59fa12c5822439f609ca54f41,CoinList 2,33.66783427 ETH,916688
2,0x8d1f2ebfaccf1136db76fdd1b86f1dede2d23852,CoinList 3,24.08077057 ETH,2098261
