,Address,Name Tag,Balance,Txn Count
0,0xd4bddf5e3d0435d7a6214a0b949c7bb58621f37c,Coinhako,253.53252222 ETH,144207
1,0xf2d4766ad705e3a5c9ba5b0436b473085f82f82f,Coinhako: Warm Wallet,"28,301.82264141 ETH",4338
2,0x19d97aa29cd33bd966d52e2bc9dfc719f2bb9ae1,Coinhako: Deployer,50.83587313 ETH,2949
3,0xa193c943980a9340f306b3d59deb183dc501b35f,Coinhako: Old Address,0.02685884 ETH,98498
4,0x1d1bd550197c7c0787b9ad0aea9c1cca66ee0e90,Coinhako: Old Address 2,0.00006892 ETH,24018
