,Address,Name Tag,Balance,Txn Count
0,0xc37e165fcfa2cb5cca7329dd9daa8cd72907b983,Gitcoin Grants: Connext Network,9.61579411 ETH,66
1,0x29a519e21d6a97cdb82270b69c98bac6426cdcf9,Router: 0x29a...cf9,0.37686343 ETH,1725
2,0x6201b8ec0cd3c29826bbbf1ca89924e42e0f6db4,Router: 0x620...db4,0.54303168 ETH,242
3,0x6fd84ba95525c4ccd218f2f16f646a08b4b0a598,Router: 0x6fd...598,0.92676229 ETH,1848
4,0x7e76de758cd414096a4882ed2824bc513d7ed7c9,Router: 0x7e7...7c9,162.40776899 ETH,4665
5,0xae1e59402a3f483f0bbb663800ff21a0f2b1701d,Router: 0xae1...01d,0.07253327 ETH,3879
6,0xc4cce996f30d65b1a27c44de84fe79bf1f0d528b,Router: 0xc4c...28b,0.09064725 ETH,386
