,Address,Name Tag,Balance,Txn Count
0,0x5f4a54e29ccb8a02cdf7d7bfa8a0999a8330cced,Creepz: ARMS Token,0 ETH,21770
1,0xfe8c6d19365453d26af321d0e8c910428c23873f,Creepz: CBC Token,0 ETH,28882
2,0x4609ebf4827f67986316e5b05b52f03d6d574bd9,Creepz: Deployer 1,0.12654658 ETH,6
3,0x1cc5c8544e370a0588d6dc00f5cad90ccb75cc1c,Creepz: Deployer 2,0.0428022 ETH,11
4,0x058620596e3cf5d328dbbc4407b80038f2fde7e9,Creepz: Deployer 3,0.04242375 ETH,12
5,0xc3503192343eae4b435e4a1211c5d28bf6f6a696,Creepz: Invasion Grounds,0 ETH,50465
6,0xf1083e064f92db0561fd540f982cbf73a4e2f8f6,Creepz: SHAPE Token,0 ETH,18997
7,0xa63673fd80e67aaeab5489c61760a490476a748a,Creepz: VAULT Token,0 ETH,8925
