,Address,Name Tag,Balance,Txn Count
0,0x46340b20830761efd32832a74d7169b29feb9758,Cronos Coin: CRO Token,0 ETH,1473689
1,0x72a53cdbbcc1b9efa39c834a540550e23463aacb,Crypto.com,"84,576.75888739 ETH",1183100
2,0xb63b606ac810a52cca15e44bb630fd42d8d1d83d,Crypto.com 2,"18,850.00522382 ETH",8995984
3,0xcffad3200574698b78f32232aa9d63eabd290703,Crypto.com 3,"8,545.43582196 ETH",4088
4,0x6262998ced04146fa42253a5c0af90ca02dfd2a3,Crypto.com 4,"6,609.70747631 ETH",116954
5,0x7758e507850da48cd47df1fb5f875c23e3340c50,Crypto.com 5,"73,941.09772031 ETH",824508
6,0xa0b73e1ff0b80914ab6fe0444e65848c4c34450b,Crypto.com: MCO Token,0 ETH,454259
7,0x67703f7d089f3ac7c8c13a18b2381cbd7ee3eded,Crypto.com: CDCNFT 2,0 ETH,7
8,0x51ca21ed46a9df3cb6f34624cbd482d312996730,Crypto.com: CDCNFT Token,0 ETH,305
9,0xdda508f9f3c1b4ca39c8794df3a080298ebe9c55,Crypto.com: Deployer,0.35089989 ETH,74
10,0x767be428d8bf8fa99bc0b84d96d6f135845a11ff,Crypto.com: Deployer 2,0.12156019 ETH,15
11,0x013ff63e21e8556c1a04aff005ec0912aa955d6a,Crypto.com: Deployer 3,0.01070204 ETH,2
12,0xae45a8240147e6179ec7c9f92c5a18f9a97b3fca,Crypto.com: Deposit Funder,86.31536118 ETH,2335622
13,0x494adb1ecac39d9df00fcda84ed2c1dc775107e7,Crypto.com: MCO Wallet,0.004 ETH,5
14,0x20a0bee429d6907e556205ef9d48ab6fe6a55531,Crypto.com: MultiSig,0.44413517 ETH,9518
15,0xdc4c0fda463435d19962e8dd465d5eba86fd02ec,Crypto.com: MultiSig 2,0 ETH,12
16,0xc42f0e95ff6c861164a86415eb6b3dabe7e13843,Crypto.com: MultiSig 3,0 ETH,7
17,0x22e4f709fd5e7fe246fbf7e714ae89bdab7e2a5d,Crypto.com: MultiSig 4,0 ETH,11
18,0x71507ee19cbc0c87ff2b5e05d161efe2aac4ee07,Crypto.com: MultiSig 5,0 ETH,1483
19,0x32047ac688997feb8fbf1d5d4aee39ec0202086d,Crypto.com: MultiSig 6,0 ETH,124
20,0x35f517cab9a37bc31091c2f155d965af84e0bc85,Crypto.com: MultiSig 7,0 ETH,2424
