,Address,Name Tag,Balance,Txn Count
0,0xe17ee7b3c676701c66b395a35f0df4c2276a344e,DigiFinex,0.0070897 ETH,52066
1,0x3b73d7e1266e02a68185f5221a6718db04df6301,DigiFinex: Deployer 1,0.47545981 ETH,6
2,0x1b930c43526b09191a74175eaa47f2a650aeb73d,DigiFinex: Deployer 2,0.38576091 ETH,6
3,0x4ac363455468c22f7f656e994b67f2275fb3badd,DigiFinex: DFT Token,0 ETH,420
4,0xa2a54f1ec1f09316ef12c1770d32ed8f21b1fb6a,DigiFinex: Old DFT Token,0 ETH,3303
