,Address,Name Tag,Balance,Txn Count
0,0x063ad95a0fdc69269960a257c7e9bfa3629ac4dd,ForTube: ACL,0 ETH,32
1,0xfed7efb0cb949378ea6ef0a23e40b12a5f09e7fa,ForTube: BondFactory,0 ETH,4
2,0x76f4a2add5c81a739727a2bcaa1343f046d44d31,ForTube: Config,0 ETH,264
3,0x437979364674d8165eb625b0611adf8dbe55de6c,ForTube: Core,0 ETH,5
4,0x3592954497dafb830469d25f8c46ab0afd9c27f1,ForTube: CoreUtils,0 ETH,1
5,0x1721460a888e7a6698909e61bd65f07865064f01,ForTube: NameGen,0 ETH,1
6,0x53345f3b9fcb873783ffa5c8f043233afd4991a6,ForTube: Oracle,0 ETH,16460
7,0xe48bc2ba0f2d2e140382d8b5c8f261a3d35ed09c,ForTube: PoolPawn,0.43796361 ETH,1313
8,0xdd686e3c88874b9d7e6e18c06de55355b2038152,ForTube: PRA,0 ETH,27
9,0xfcef47934bec27b78f8c061d9a78cdaf0b196001,ForTube: Router,0 ETH,1
10,0x73df6d761a01e69998006a3bc870feded7ef6095,ForTube: Vote,0 ETH,42
11,0x00ad504d2c02e0ddbf660bc35926712d0f0fea9e,ForTube: Deployer,0.18382533 ETH,973
