,Address,Name Tag,Balance,Txn Count
0,0x0d0707963952f2fba59dd06f2b425ace40b492fe,Gate.io,245.65373398 ETH,6368571
1,0x7793cd85c11a924478d358d49b05b37e91b5810f,Gate.io 2,237.90332846 ETH,11113
2,0x1c4b70a3968436b9a0a9cf5205c787eb81bb558c,Gate.io 3,"20,027.30137425 ETH",38075
3,0x234ee9e35f8e9749a002fc42970d570db716453b,Gate.io 4,0.43406865 ETH,1192
4,0xc882b111a75c0c657fc507c04fbfcd2cc984f071,Gate.io 5,"97,157.15248796 ETH",140
5,0xd793281182a0e3e023116004778f45c29fc14f19,Gate.io: Contract,"1,828.78872651 ETH",216
6,0x6596da8b65995d5feacff8c2936f0b7a2051b0d0,Gate.io: Deposit Funder,27.34757332 ETH,433672
