,Address,Name Tag,Balance,Txn Count
0,0x980a4732c8855ffc8112e6746bd62095b4c2228f,Hoo.com,0.00505028 ETH,10789
1,0xd0ec209ad2134899148bec8aef905a6e9997456a,Hoo.com 2,0.0012955 ETH,12509
2,0x993b7fcba51d8f75c2dfaec0d17b6649ee0c9068,Hoo.com 3,0.0091831 ETH,9336
3,0xec293b9c56f06c8f71392269313d7e2da681d9ac,Hoo.com 4,0.01090583 ETH,12643
4,0x0093e5f2a850268c0ca3093c7ea53731296487eb,Hoo.com 5,12.88963308 ETH,171995
5,0x008932be50098089c6a075d35f4b5182ee549f8a,Hoo.com 6,0.08429105 ETH,25203
6,0x4d4ffb448194504242267585f0ea6f9de6a96de3,Hoo.com: Deposit Funder,100 wei,98264
