,Address,Name Tag,Balance,Txn Count
0,0x7fdcd2a1e52f10c28cb7732f46393e297ecadda1,HyperDragons Token,1.088 ETH,119742
1,0x67a5de922c1f4d1a4dbd848466b86b5455fb6a3b,HyperDragons: Contract 1,0.09993654 ETH,31727
2,0xe05ebd94ca833855133f63190d7fb2d7ba640462,HyperDragons: Contract 2,0.000075 ETH,553
3,0x2842a67ce34a8a9cf06564bfa50260c8272b397d,HyperDragons: Contract 3,0 ETH,4850
4,0x92cace836fa29f8b5ac5ef02c7ad241614d78ee2,HyperDragons: Contract 4,0 ETH,1737
5,0xc5807256e2e2fe85ca94c3617c4bc5ff2bd9cfb6,HyperDragons: DST Token,0 ETH,193142
