,Address,Name Tag,Balance,Txn Count
0,0xb705268213d593b8fd88d3fdeff93aff5cbdcfae,Aurora DAO: Old Token,0 ETH,108550
1,0xcdcfc0f66c522fd086a1b725ea3c0eeb9f9e8814,IDEX,"17,124.13373361 ETH",9788824
2,0xa7a7899d944fe658c4b0a1803bab2f490bd3849e,IDEX 2,0.00037558 ETH,5818522
3,0x2a0c0dbecc7e4d658f48e01e3fa353f44050c208,IDEX Membership Token,0 ETH,7049
4,0xcc13fc627effd6e35d2d2706ea3c4d7396c610ea,IDEX Token,0 ETH,72219
