,Address,Name Tag,Balance,Txn Count
0,0xe5d7ccc5fc3b3216c4dff3a59442f1d83038468c,Korbit 1,146.34728283 ETH,14199
1,0xd6e0f7da4480b3ad7a2c8b31bc5a19325355ca15,Korbit 2,375.83599347 ETH,71
2,0x2864de013415b6c2c7a96333183b20f0f9cc7532,Korbit 3,98.43458222 ETH,362
3,0x0c01089aedc45ab0f43467cceca6b4d3e4170bea,Korbit 4,"54,044.0584093 ETH",22
4,0xd03be958e6b8da2d28ac8231a2291d6e4f0a7ea7,Korbit 5,313.77119308 ETH,1012
5,0xe83a48cae4d7120e8ba1c2e0409568ffba532e87,Korbit 6,1.20110466 ETH,55815
6,0x8550e644d74536f1df38b17d5f69aa1bfe28ae86,Korbit 7,0.57182347 ETH,92
7,0xf0bc8fddb1f358cef470d63f96ae65b1d7914953,Korbit 8,"5,038.72019024 ETH",9171
