,Address,Name Tag,Balance,Txn Count
0,0x0c01089aedc45ab0f43467cceca6b4d3e4170bea,Korbit 1,301.76555706 ETH,14196
1,0x2864de013415b6c2c7a96333183b20f0f9cc7532,Korbit 2,375.83599347 ETH,71
2,0x8550e644d74536f1df38b17d5f69aa1bfe28ae86,Korbit 3,98.43683665 ETH,359
3,0xd03be958e6b8da2d28ac8231a2291d6e4f0a7ea7,Korbit 4,"54,044.0584093 ETH",22
4,0xd6e0f7da4480b3ad7a2c8b31bc5a19325355ca15,Korbit 5,13.77761486 ETH,1005
5,0xe5d7ccc5fc3b3216c4dff3a59442f1d83038468c,Korbit 6,1.20110466 ETH,55766
6,0xe83a48cae4d7120e8ba1c2e0409568ffba532e87,Korbit 7,0.57182347 ETH,92
7,0xf0bc8fddb1f358cef470d63f96ae65b1d7914953,Korbit 8,"5,417.81645623 ETH",9067
