,Address,Name Tag,Balance,Txn Count
0,0x037a54aab062628c9bbae1fdb1583c195585fe41,LCX,0.3784085 ETH,376
1,0x4631018f63d5e31680fb53c11c9e1b11f1503e6f,LCX 2,0.00030517 ETH,11182
2,0xc0c704bfc375b3fc657bc378b1cfee009194e2b3,LCX 3,0.32039901 ETH,15095
3,0xc90970dd648415756681163f69eaeb7eb9c28a9c,LCX AG: LCX Token,0 ETH,119450
4,0x2957ea6d4f06bc2badfb2958c65fc7d1be5461b1,LCX: Company Reserve,0.398824 ETH,2
