,Address,Name Tag,Balance,Txn Count
0,0x8271B2E8CBe29396e9563229030c89679B9470db,Liqui.io 1,0.158133003433520135 ETH,390085
1,0x5e575279bf9f4acf0a130c186861454247394c06,Liqui.io 2,0.032974351866763918 ETH,441522
