,Address,Name Tag,Balance,Txn Count
0,0x9a534628b4062e123ce7ee2222ec20b86e16ca8f,,0 ETH,27190
1,0x4e5ccc337da5f0ec75ef9089303c51fab0967752,MekaVerse: Deployer,0.80726425 ETH,11
2,0xd11277d411f138a67dc44b1fcd8a48c447d753e4,MekaVerse: Deployer 1,5.82630557 ETH,398
3,0xe72f95902854d33b7b75ccc864ff7c76b5f70613,MekaVerse: MBOT Token,0.03866665 ETH,7292
4,0x18fa2dca20f7157f748c0306a6e70676d39d8e02,MekaVerse: Old MEKA Token,0 ETH,13
