,Address,Name Tag,Balance,Txn Count
0,0xf326e4de8f66a0bdc0970b79e0924e33c79f1915,MetaMask: DS Proxy,"29,008.37019163 ETH",118
1,0x11ededebf63bef0ea2d2d071bdf88f71543ec6fb,Metamask: Fees,81.35488794 ETH,1412
2,0x881d40237659c251811cec9c364ef91dc08d300c,Metamask: Swap Router,0 ETH,6829390
