,Address,Name Tag,Balance,Txn Count
0,0xc2381378fd9f5b45717d2ca9c44c4f78861c3104,,0 ETH,0
1,0x86fe8d6d4c8a007353617587988552b6921514cb,,1.81997716 ETH,26
2,0xbffd447482bae149e9127106a117652a2b0e3116,,0 ETH,0
3,0xc156c57231a9302d9f5c7b5ef22871cc25f40736,,0.00291348 ETH,10
4,0xe442325f5827ec9567565a608614131cc09cb598,,0 ETH,0
5,0xc96004a52dc20be8cd322c22f0e06210628d0ac2,,3.98952158 ETH,45
6,0x77217d89cd406ebe6744738da955065423551707,,0.00007011 ETH,3
7,0x0cec743b8ce4ef8802cac0e5df18a180ed8402a7,Yearn: MultiSig Signer Milkyklim,2.67354146 ETH,2590
8,0x6e83d6f57012d74e0f131753f8b5ab557824507d,Yearn: MultiSig Signer Vasiliy Shapovalov,0.32248357 ETH,33
9,0x4da7eb21fd6c918b57f61b15109133c069fa091c,,0.15926742 ETH,117
10,0x8d34ea6fb1ed6b60f94ac6cd01dd1181ef12290e,,1.96110625 ETH,957
11,0x131bd1a2827cceb2945b2e3b91ee1bf736ccbf80,,0.0007933 ETH,47
12,0x21daa251f1ee3ebeb3f2c25bc262de56c9a639b9,,0 ETH,0
13,0xe6435e2d1de6e3d3a9e90b2e80e7956ce59a812d,,0.0239394 ETH,5
14,0x17e06ce6914e3969f7bd37d8b2a563890ca1c96e,,3.207265 ETH,1645
15,0x4702d39c499236a43654c54783c3f24830e247dc,,0.23406554 ETH,586
16,0xa81636aace97783aac45764b873793be081da592,,1.98391206 ETH,113
17,0x1774b6106d7e969d467396a5e90089fead6e55eb,,0.23932723 ETH,15
18,0x3524c03d39a13d51485419a17586286a6b617dd3,,0.0050468 ETH,609
19,0x1520dd2ccb0c150e5716f57a77c703d95427acbc,Set: Multisig Signer I,3.07356859 ETH,552
20,0x7a1057e6e9093da9c1d4c1d049609b6889fc4c67,Yearn: MultiSig Signer Banteg,8.52772267 ETH,807
21,0x74630370197b4c4795bfeef6645ee14f8cf8997d,Yearn: MultiSig Signer Cp0x.com,0.69995405 ETH,628
22,0x99bc02c239025e431d5741cc1dba8ce77fc51ce3,Yearn: MultiSig Signer Daryllautk,0.31566552 ETH,188
23,0x48f2bd7513da5bb9f7bfd54ea37c41650fd5f3a3,Yearn: MultiSig Signer Devops199fan,0.10203794 ETH,101
24,0x50b0c406a5c1fc492f84c3f3d4552391cf4672f2,Yearn: MultiSig Signer Joe Mahon,0.891 ETH,1
