,Address,Name Tag,Balance,Txn Count
0,0x00ee047a66d5cff27587a61559138c26b62f7ceb,Nexo 1,0.00074897 ETH,417
1,0xffec0067f5a79cff07527f63d83dd5462ccf8ba4,Nexo 2,238.99118952 ETH,1350010
2,0x0031e147a79c45f24319dc02ca860cb6142fcba1,Nexo 3,241.13950697 ETH,917757
3,0x7344e478574acbe6dac9de1077430139e17eec3d,Nexo 4,2.1856162 ETH,1432
4,0xb62132e35a6c13ee1ee0f84dc5d40bad8d815206,Nexo Token,0 ETH,634236
5,0x9bdb521a97e95177bf252c253e256a60c3e14447,Nexo: Corporate Treasury,"1,819.74446867 ETH",2140
6,0x354e9fa5c6ee7e6092158a8c1b203ccac932d66d,Nexo: Deposit Funder,52.95537858 ETH,115091
7,0x65b0bf8ee4947edd2a500d74e50a3d757dc79de0,Nexo: WBTC Merchant Deposit Address,230.46488911 ETH,1977
