,Address,Name Tag,Balance,Txn Count
0,0x6cc5f688a315f3dc28a7781717a9a798a59fda7b,OKX,192.90611391 ETH,3232580
1,0xe9172daf64b05b26eb18f07ac8d6d723acb48f99,OKX 10,0.0055 ETH,1
2,0x236f9f97e0e62388479bf9e5ba4889e46b0273c3,OKX 11,0.0035 ETH,0
3,0xa7efae728d2936e78bda97dc267687568dd593f3,OKX 12,0.0035 ETH,0
4,0xc5a93444cc4da6efb9e6fc6e5d3cb55a53b52396,OKX 13,0.0035 ETH,0
5,0xcba38020cd7b6f51df6afaf507685add148f6ab6,OKX 14,0.0035 ETH,0
6,0x5041ed759dd4afc3a72b8192c143f72f4724081a,OKX 15,0.0035 ETH,0
7,0x59fae149a8f8ec74d5bc038f8b76d25b136b9573,OKX 16,0.0035 ETH,0
8,0x3b3ae790df4f312e745d270119c6052904fb6790,OKX 17,0.0035 ETH,0
9,0x42436286a9c8d63aafc2eebbca193064d68068f2,OKX 18,0.0035 ETH,0
10,0xaad8ad7dfa05bc354e011890dd61636842c2cb96,OKX 19,0.0035 ETH,0
11,0x461249076b88189f8ac9418de28b365859e46bfd,OKX 2,0.78826628 ETH,868652
12,0x2c8fbb630289363ac80705a1a61273f76fd5a161,OKX 20,59.63696901 ETH,67687
13,0x5c52cc7c96bde8594e5b77d5b76d042cb5fae5f2,OKX 3,"2,460.60339545 ETH",2058654
14,0x24c654f6b143dc5cae3c02fbb527ca63aa555dbc,OKX 4,"7,439.10862646 ETH",396
15,0x98ec059dc3adfbdd63429454aeb0c990fba4a128,OKX 5,0.02496448 ETH,31
16,0xc708a1c712ba26dc618f972ad7a187f76c8596fd,OKX 6,"250,000.10818897 ETH",45
17,0xf59869753f41db720127ceb8dbb8afaf89030de4,OKX 7,59.48218965 ETH,1406103
18,0x75231f58b43240c9718dd58b4967c5114342a86c,OKX 8,0.0035 ETH,0
19,0xc5451b523d5fffe1351337a221688a62806ad91a,OKX 9,0.0035 ETH,0
20,0x65a0947ba5175359bb457d3b34491edf4cbf7997,OKX DEX: Aggregation Router,0 ETH,183426
21,0x6fb624b48d9299674022a23d92515e76ba880113,OKX: Deposit Funder,53.3709955 ETH,1353497
22,0x69a722f0b5da3af02b4a205d6f0c285f4ed8f396,OKX: Deposit Funder 3,0.01979 ETH,45211
23,0x4d19c0a5357bc48be0017095d3c871d9afc3f21d,OKX: Deposit Funder 4,0.01979 ETH,13847
24,0x89fd00b8d2dcee0f40d8699970115bb861241a54,OKX: Deposit Supplier,0.01588234 ETH,186811
25,0x7eb6c83ab7d8d9b8618c0ed973cbef71d1921ef2,OKX: OKB Token,0 ETH,124672
