,Address,Name Tag,Balance,Txn Count
0,0x91f6d99b232153cb655ad3e0d05e13ef505f6cd5,Sparrow Exchange 1,291.27809873 ETH,2030
1,0xe855283086fbee485aecf2084345a91424c23954,Sparrow Exchange 2,4.09033723 ETH,1136
2,0x8ec58faa4c1b693b50b7f1331897ad6b52dd824a,Synthetix: Old Binary Option Market Factory,0 ETH,3
