,Address,Name Tag,Balance,Txn Count
0,0x39246c4f3f6592c974ebc44f80ba6dc69b817c71,Opyn: Options Exchange,0.00180128 ETH,19332
1,0xcc5d905b9c2c8c9329eb4e25dc086369d6c7777c,Opyn: Options Factory,0 ETH,157
2,0x7054e08461e3ecb7718b63540addb3c3a1746415,Opyn: Oracle,0 ETH,1
3,0x87887cf0e37d937f989ab76b99e4f4682da044c4,Opyn: Proxy,0 ETH,307
4,0x9e68b67660c223b3e0634d851f5df821e0e17d84,Opyn: Deployer,0.00963806 ETH,717
