,Address,Name Tag,Balance,Txn Count
0,0x78355a20e61411dcf74888c332e4f859be6457ec,Balaji's Bet,0.00040072 ETH,35
1,0x4cbe68d825d21cb4978f56815613eed06cf30152,Cobie: LUNA Bet Escrow,0.00038562 ETH,65
