,Address,Name Tag,Balance,Txn Count
0,0x027beefcbad782faf69fad12dee97ed894c68549,QuadrigaCX 1,0 ETH,20127
1,0xb6aac3b56ff818496b747ea57fcbe42a9aae6218,QuadrigaCX 2,0.07381776 ETH,448057
2,0x0ee4e2d09aec35bdf08083b649033ac0a41aa75e,QuadrigaCX 3,0.9975829 ETH,5061
