,Address,Name Tag,Balance,Txn Count
0,0xb8cf411b956b3f9013c1d0ac8c909b086218207c,Remitano 1,0.0111412 ETH,78779
1,0x8365efb25d0822aaf15ee1d314147b6a7831c403,Remitano 2,"1,193.2038593 ETH",1812318
2,0x2819c144d5946404c0516b6f817a960db37d4929,Remitano: Deposit Funder,19.3588389 ETH,409477
