,Address,Name Tag,Balance,Txn Count
0,0x571037cc2748c340e3c6d9c7af589c6d65806618,Switcheo Exchange,5.55317049 ETH,119558
1,0x7ee7ca6e75de79e618e88bdf80d0b1db136b22d0,Switcheo Exchange V2,721.55428974 ETH,176311
2,0xba3ed686cc32ffa8664628b1e96d8022e40543de,Switcheo: Coordinator,0.03319092 ETH,154717
