,Address,Name Tag,Balance,Txn Count
0,0x3333333333333333333333333333333333333333,,0.01219682 BNB,3
1,0x0000000000000000000000000000000000000000,Null: 0x000...000,"1,302.43752652 BNB",90591
2,0x0000000000000000000000000000000000000001,Null: 0x000...001,28.97550691 BNB,1447
3,0x0000000000000000000000000000000000000002,Null: 0x000...002,0.78833688 BNB,57
4,0x0000000000000000000000000000000000000003,Null: 0x000...003,1.60018119 BNB,198
5,0x0000000000000000000000000000000000000004,Null: 0x000...004,0.83709531 BNB,9
6,0x0000000000000000000000000000000000000005,Null: 0x000...005,20.3341519 BNB,12
7,0x0000000000000000000000000000000000000006,Null: 0x000...006,0 BNB,0
8,0x0000000000000000000000000000000000000007,Null: 0x000...007,0 BNB,0
9,0x0000000000000000000000000000000000000008,Null: 0x000...008,0.00022008 BNB,2
10,0x0000000000000000000000000000000000000009,Null: 0x000...009,0 BNB,1
11,0x000000000000000000000000000000000000dead,Null: 0x000...dEaD,"303,180.039491 BNB",3901
12,0x1111111111111111111111111111111111111111,Null: 0x111...111,0.14470859 BNB,6
13,0x2222222222222222222222222222222222222222,Null: 0x222...222,0 BNB,1
14,0x6666666666666666666666666666666666666666,Null: 0x666...666,0.005 BNB,3
15,0x8888888888888888888888888888888888888888,Null: 0x888...888,0.00000834 BNB,10
16,0xbbbbbbbbbbbbbbbbbbbbbbbbbbbbbbbbbbbbbbbb,Null: 0xbBb...BbB,0.17893559 BNB,687
17,0xdead000000000000000042069420694206942069,Null: 0xdea...069,0.09652784 BNB,6
18,0xeeeeeeeeeeeeeeeeeeeeeeeeeeeeeeeeeeeeeeee,Null: 0xeee...eee,1.17232009 BNB,6498
19,0xffffffffffffffffffffffffffffffffffffffff,Null: 0xfff...fff,0.25 BNB,233
20,0xaaaaaaaaaaaaaaaaaaaaaaaaaaaaaaaaaaaaaaaa,Null: aAa...aAa,0 BNB,0
21,0x64b00b5ec6df675e94736bdcc006dbd9a0b8b00b,SUUPER: WILDFIRE,0.001 BNB,1
