,Address,Name Tag,Balance,Txn Count
0,0x0ac81b9737e44b748b5498d05cfe43cefb2f55d2,Anka Relief: Turkey Donation,0.002 BNB,4
1,0xa6e126a5ba7ae209a92b16fcf464e502f27fb658,Bscgas: Donate,0.26863528 BNB,73
2,0x71c7656ec7ab88b098defb751b7401b5f6d8976f,BscScan: Donate,8.65626171 BNB,62
3,0x22450f585c1dc857c201e820b0e355a7d9d7793c,DappStats: Donate,3.16328295 BNB,490
4,0x48f846b938a71c6e79b45aafd77e505aa0599fdc,Honeypot Detector: Donation,2.65607257 BNB,35
5,0xa355ebaed6899e8a9021335de969d0c16c60b079,KitaJaga: Donate,0.49572856 BNB,10
6,0xd6671a43b773a3a7c4496087d69a37d4f4abb0ab,NoFuture: Donate,0 BNB,724
7,0x1357ba1b8327f3c38dc7408b3cc0a9ce7c87e958,RugDoc: Donate,0.22969988 BNB,51
