,Address,Name Tag,Balance,Txn Count
0,0x907eb72beb08c037ab032c64e2571488a210067e,Leprechaun: LEP Token,0.29130329 BNB,8953
1,0x854549cfb5277ab9f9b141350b7336051d20cec1,Twizzler:Distribution,0 BNB,22
2,0xdd970c90e20bbd9e6611b45a54b29773096c2736,Twizzler:Marketing,0 BNB,10
3,0x2e7242798ce2c32f4a83a6f7e8a92dbd047694c4,Twizzler:Operational cost,0.000748 BNB,20
4,0x2d33a6a281d97d60602b0d8d01bd6349001600ec,Twizzler:Rewards,0 BNB,13
