,Address,Name Tag,Balance,Txn Count
0,0x05f5963ea37a72905bb206d034c0526797248f9e,Sixpack: SMF HardCore 1,0.20354049 BNB,170
1,0x6e95aaa70fbc75ff183e77ae529e8314646ddff9,Sixpack: SMF HardCore 2,0.2305094 BNB,48
2,0x5c12e4a412e7a6951a9155cace58667586853719,Sixpack: SMF HardCore 3,0.20008071 BNB,35
3,0x7cf7116d5cf2de35fb16bd828b64507c8427fe9c,Sixpack: SMF HardCore 4,0.05134532 BNB,35
4,0xc6e659c1a78264a396ed75b461b7b24fba80103d,Sixpack: SMF HardCore 5,0.1 BNB,1
5,0x9629451c535974f5230d2e4fd31a9de2b2f2e79c,Sixpack: SMF HardCore 6,0.19974766 BNB,3
