,Address,Name Tag,Balance,Txn Count
0,0xc79e1844b41530c112e57d93fb181fa9526f3260,,0 BNB,1
1,0xd9689b0ae0eeddbbb817b4c8bfabad5bb29dd0df,Typhoon Network 100 BUSD,0 BNB,1267
2,0x66e90e4f92f39873c2feb394ab87616b37afffdb,Typhoon Network: 0.1 BNB,64.6 BNB,18551
3,0x6ff1d9e9fb6d3e118f39672ceb7a7a2234007053,Typhoon Network: 1 BNB,231 BNB,24533
4,0x3e505920df6be0ceb8ef4e7af0a13c8347929ca7,Typhoon Network: 1 CAKE,0 BNB,35
5,0x0fc5b5bd6455a3c16c1847a91ebea94d00d5ff8a,Typhoon Network: 10 BNB,30 BNB,9375
6,0x88c264573bf4f424eae64cdb93c3f4f60efc47ec,Typhoon Network: 10 BUSD,0 BNB,452
7,0x5359e7606438a0de0ffd4d217800204e559db0d3,Typhoon Network: 10 CAKE,0 BNB,61
8,0xd4dc87cc7694114b2bbb21efcc7b6f2a910a1bc4,Typhoon Network: 100 CAKE,0 BNB,32
9,0x318ff5454006a4585d16d57f4ea6d9bce618cfa0,Typhoon Network: 100 TYPH,0 BNB,64
10,0x02c94e9ed6264031d2c61b49b63c5f5de6ae1568,Typhoon Network: 1000 BUSD,0 BNB,2293
11,0x3b39a8ede4bc9b81eda595f5b0eeca9503a3b4b0,Typhoon Network: 1000 TYPH,0 BNB,67
12,0xdcdf4048359fa26f550df0f8a226606706828636,Typhoon Network: 10000 BUSD,0 BNB,429
13,0x3b786ea1ba84f52b7a1ee2fa6e18326ad7dc26b7,Typhoon Network: 10000 TYPH,0 BNB,12
14,0x4ad6b15c2ce67b6a8dfa50d491e4ca0492649e81,Typhoon Network: 50 BNB,0 BNB,1128
15,0x224a0da5c31ed1a06982159fd4cd93614aa57050,Typhoon Network: Community Locked Token,0 BNB,1
16,0x63436fb9a6c54a427bcd61243048472cdc91375a,Typhoon Network: Community Wallet,0 BNB,23
17,0x95725847cd075ef920de1d70e773aeda6788d402,Typhoon Network: Deployer,7.00294474 BNB,3192
18,0x692a25335cfc91e35eea71ae2eb4f102f897c1aa,Typhoon Network: Development Locked Token,0 BNB,1
19,0xf91447097f2daa714095c86f2aef79a733b28aea,Typhoon Network: Development Wallet,0.13047557 BNB,23
20,0x4090e535f2e251f5f88518998b18b54d26b3b07c,Typhoon Network: TYPH Token,0 BNB,17288
21,0xa831738509eeb65403d73a5e0c81229c8ce67dea,Typhoon Network: Vesting,0 BNB,1
